run,budget,hv
1,10,0.006024000000000007
1,20,0.011437689655172126
1,30,0.011437689655172124
1,40,0.011437689655172124
1,50,0.011437689655172124
1,60,0.01602400000000001
1,70,0.01602400000000001
1,80,0.01602400000000001
1,90,0.01602400000000001
1,100,0.01602400000000001
1,110,0.01602400000000001
1,120,0.01602400000000001
1,130,0.01602400000000001
1,140,0.01602400000000001
1,150,0.01602400000000001
1,160,0.01602400000000001
1,170,0.01602400000000001
1,180,0.01602400000000001
1,190,0.01602400000000001
1,200,0.01602400000000001
1,210,0.01602400000000001
1,220,0.01602400000000001
1,230,0.01602400000000001
1,240,0.01602400000000001
1,250,0.01602400000000001
1,260,0.01602400000000001
1,270,0.01602400000000001
1,280,0.01602400000000001
1,290,0.01602400000000001
1,300,0.01602400000000001
2,10,0.006674275999999995
2,20,0.012087965655172112
2,30,0.012087965655172112
2,40,0.012087965655172112
2,50,0.012087965655172112
2,60,0.012087965655172112
2,70,0.012087965655172112
2,80,0.012087965655172112
2,90,0.012087965655172112
2,100,0.012087965655172112
2,110,0.012087965655172112
2,120,0.016674275999999995
2,130,0.016674275999999995
2,140,0.016674275999999995
2,150,0.016674275999999995
2,160,0.016674275999999995
2,170,0.016674275999999995
2,180,0.016674275999999995
2,190,0.016674275999999995
2,200,0.016674275999999995
2,210,0.016674275999999995
2,220,0.016674275999999995
2,230,0.016674275999999995
2,240,0.016674275999999995
2,250,0.016674275999999995
2,260,0.016674275999999995
2,270,0.016674275999999995
2,280,0.016674275999999995
2,290,0.016674275999999995
2,300,0.016674275999999995
3,10,0.011254356321838795
3,20,0.011254356321838795
3,30,0.011254356321838795
3,40,0.011254356321838795
3,50,0.011437689655172124
3,60,0.011437689655172124
3,70,0.011437689655172124
3,80,0.011437689655172124
3,90,0.011437689655172124
3,100,0.011437689655172126
3,110,0.037643556712642016
3,120,0.037643556712642016
3,130,0.037643556712642016
3,140,0.0422298670574699
3,150,0.0422298670574699
3,160,0.0422298670574699
3,170,0.0422298670574699
3,180,0.0422298670574699
3,190,0.0422298670574699
3,200,0.0422298670574699
3,210,0.0422298670574699
3,220,0.043222376827584764
3,230,0.043222376827584764
3,240,0.043222376827584764
3,250,0.043222376827584764
3,260,0.043222376827584764
3,270,0.043222376827584764
3,280,0.043222376827584764
3,290,0.043222376827584764
3,300,0.043222376827584764
4,10,0.00641368965517212
4,20,0.03826851243068346
4,30,0.03826851243068346
4,40,0.03826851243068346
4,50,0.03868632176401679
4,60,0.03868632176401679
4,70,0.03868632176401679
4,80,0.03868632176401679
4,90,0.03868632176401679
4,100,0.03868632176401679
4,110,0.03868632176401679
4,120,0.03868632176401679
4,130,0.03868632176401679
4,140,0.03868632176401679
4,150,0.03868632176401679
4,160,0.03868632176401679
4,170,0.03951792176401683
4,180,0.03951792176401683
4,190,0.03951792176401683
4,200,0.03951792176401683
4,210,0.03951792176401683
4,220,0.044104232108844725
4,230,0.044104232108844725
4,240,0.044104232108844725
4,250,0.044104232108844725
4,260,0.044104232108844725
4,270,0.044104232108844725
4,280,0.044104232108844725
4,290,0.044104232108844725
4,300,0.044104232108844725
5,10,0.0010000000000000002
5,20,0.0010000000000000002
5,30,0.0010000000000000002
5,40,0.0010000000000000002
5,50,0.011254356321838795
5,60,0.011254356321838795
5,70,0.011254356321838795
5,80,0.011254356321838795
5,90,0.03863606648275689
5,100,0.03863606648275689
5,110,0.03863606648275689
5,120,0.03863606648275689
5,130,0.03863606648275689
5,140,0.03863606648275689
5,150,0.03863606648275689
5,160,0.03863606648275689
5,170,0.03863606648275689
5,180,0.03863606648275689
5,190,0.03863606648275689
5,200,0.03863606648275689
5,210,0.03863606648275689
5,220,0.03863606648275689
5,230,0.03863606648275689
5,240,0.03863606648275689
5,250,0.03863606648275689
5,260,0.03863606648275689
5,270,0.03863606648275689
5,280,0.03863606648275689
5,290,0.03863606648275689
5,300,0.03863606648275689
6,10,0.0010000000000000002
6,20,0.0010000000000000002
6,30,0.0010000000000000002
6,40,0.0062584760000000085
6,50,0.0062584760000000085
6,60,0.011672165655172127
6,70,0.011672165655172128
6,80,0.011672165655172128
6,90,0.016258476000000015
6,100,0.016258476000000015
6,110,0.016258476000000015
6,120,0.016258476000000015
6,130,0.016258476000000015
6,140,0.016258476000000015
6,150,0.016258476000000015
6,160,0.016258476000000015
6,170,0.016258476000000015
6,180,0.016674275999999995
6,190,0.016674275999999995
6,200,0.016674275999999995
6,210,0.016674275999999995
6,220,0.016674275999999995
6,230,0.016674275999999995
6,240,0.016674275999999995
6,250,0.016674275999999995
6,260,0.016674275999999995
6,270,0.016674275999999995
6,280,0.016674275999999995
6,290,0.016674275999999995
6,300,0.016674275999999995
7,10,0.015840666666666676
7,20,0.015840666666666676
7,30,0.015840666666666676
7,40,0.015840666666666676
7,50,0.015840666666666676
7,60,0.015840666666666676
7,70,0.015840666666666676
7,80,0.015840666666666676
7,90,0.016024000000000007
7,100,0.01602400000000001
7,110,0.01602400000000001
7,120,0.01602400000000001
7,130,0.01602400000000001
7,140,0.01602400000000001
7,150,0.01602400000000001
7,160,0.01602400000000001
7,170,0.016024000000000007
7,180,0.016024000000000007
7,190,0.016024000000000007
7,200,0.016024000000000007
7,210,0.016024000000000007
7,220,0.016024000000000007
7,230,0.016024000000000007
7,240,0.016024000000000007
7,250,0.016024000000000007
7,260,0.016024000000000007
7,270,0.016024000000000007
7,280,0.016024000000000007
7,290,0.016024000000000007
7,300,0.016024000000000007
8,10,0.0010000000000000002
8,20,0.006024000000000007
8,30,0.006024000000000007
8,40,0.006024000000000007
8,50,0.006024000000000007
8,60,0.006024000000000007
8,70,0.006024000000000007
8,80,0.011437689655172124
8,90,0.011437689655172124
8,100,0.011437689655172124
8,110,0.011437689655172124
8,120,0.011437689655172124
8,130,0.011437689655172124
8,140,0.011437689655172124
8,150,0.011672165655172125
8,160,0.011672165655172125
8,170,0.011672165655172125
8,180,0.011672165655172125
8,190,0.011672165655172125
8,200,0.011672165655172125
8,210,0.011672165655172125
8,220,0.011672165655172125
8,230,0.011672165655172125
8,240,0.011672165655172125
8,250,0.011672165655172125
8,260,0.011672165655172125
8,270,0.016258476000000008
8,280,0.016258476000000008
8,290,0.016258476000000008
8,300,0.016258476000000008
9,10,0.0010000000000000002
9,20,0.0010000000000000002
9,30,0.006024000000000007
9,40,0.006024000000000007
9,50,0.006024000000000007
9,60,0.006024000000000007
9,70,0.016024000000000007
9,80,0.01602400000000001
9,90,0.01602400000000001
9,100,0.01602400000000001
9,110,0.01602400000000001
9,120,0.01602400000000001
9,130,0.01602400000000001
9,140,0.01602400000000001
9,150,0.01602400000000001
9,160,0.01602400000000001
9,170,0.01602400000000001
9,180,0.01602400000000001
9,190,0.01602400000000001
9,200,0.01602400000000001
9,210,0.01602400000000001
9,220,0.01602400000000001
9,230,0.01602400000000001
9,240,0.01602400000000001
9,250,0.01602400000000001
9,260,0.01602400000000001
9,270,0.01602400000000001
9,280,0.01602400000000001
9,290,0.01602400000000001
9,300,0.01602400000000001
10,10,0.00641368965517212
10,20,0.011000000000000001
10,30,0.011000000000000001
10,40,0.011000000000000001
10,50,0.011000000000000001
10,60,0.011000000000000001
10,70,0.011000000000000001
10,80,0.011000000000000001
10,90,0.011000000000000001
10,100,0.011000000000000001
10,110,0.011000000000000001
10,120,0.011000000000000001
10,130,0.011000000000000001
10,140,0.015840666666666676
10,150,0.015840666666666676
10,160,0.015840666666666676
10,170,0.015840666666666676
10,180,0.015840666666666676
10,190,0.015840666666666676
10,200,0.015840666666666676
10,210,0.015840666666666676
10,220,0.015840666666666676
10,230,0.015840666666666676
10,240,0.015840666666666676
10,250,0.016024000000000007
10,260,0.016024000000000007
10,270,0.016024000000000007
10,280,0.016024000000000007
10,290,0.016024000000000007
10,300,0.016024000000000007
11,10,0.0010000000000000002
11,20,0.0010000000000000002
11,30,0.006258476000000008
11,40,0.011672165655172128
11,50,0.011672165655172128
11,60,0.011672165655172128
11,70,0.037878032712642014
11,80,0.037878032712642014
11,90,0.037878032712642014
11,100,0.037878032712642014
11,110,0.037878032712642014
11,120,0.037878032712642014
11,130,0.037878032712642014
11,140,0.037878032712642014
11,150,0.037878032712642014
11,160,0.037878032712642014
11,170,0.037878032712642014
11,180,0.037878032712642014
11,190,0.037878032712642014
11,200,0.037878032712642014
11,210,0.037878032712642014
11,220,0.037878032712642014
11,230,0.037878032712642014
11,240,0.037878032712642014
11,250,0.037878032712642014
11,260,0.037878032712642014
11,270,0.037878032712642014
11,280,0.038293832712642
11,290,0.038293832712642
11,300,0.042880143057469886
12,10,0.033038156108844675
12,20,0.03845184576401679
12,30,0.03845184576401679
12,40,0.03845184576401679
12,50,0.03845184576401679
12,60,0.04303815610884468
12,70,0.04303815610884468
12,80,0.04303815610884468
12,90,0.04303815610884468
12,100,0.04303815610884468
12,110,0.04303815610884468
12,120,0.04303815610884468
12,130,0.04303815610884468
12,140,0.04303815610884468
12,150,0.04303815610884468
12,160,0.04303815610884468
12,170,0.04303815610884468
12,180,0.04303815610884468
12,190,0.04303815610884468
12,200,0.04303815610884468
12,210,0.04303815610884468
12,220,0.04303815610884468
12,230,0.04303815610884468
12,240,0.04303815610884468
12,250,0.04303815610884468
12,260,0.04303815610884468
12,270,0.09327815610884474
12,280,0.09327815610884474
12,290,0.09327815610884474
12,300,0.09327815610884474
13,10,0.0010000000000000002
13,20,0.0010000000000000002
13,30,0.00641368965517212
13,40,0.011437689655172124
13,50,0.011437689655172124
13,60,0.011437689655172124
13,70,0.011437689655172124
13,80,0.011437689655172124
13,90,0.011437689655172124
13,100,0.011437689655172124
13,110,0.011437689655172124
13,120,0.01208796565517211
13,130,0.01208796565517211
13,140,0.012503765655172173
13,150,0.012503765655172173
13,160,0.012503765655172173
13,170,0.012503765655172173
13,180,0.012503765655172173
13,190,0.012503765655172173
13,200,0.012503765655172173
13,210,0.012503765655172173
13,220,0.012503765655172173
13,230,0.012503765655172173
13,240,0.012503765655172173
13,250,0.012503765655172173
13,260,0.012503765655172173
13,270,0.012503765655172173
13,280,0.012503765655172173
13,290,0.012503765655172173
13,300,0.012503765655172173
14,10,0.0010000000000000002
14,20,0.011672165655172127
14,30,0.011672165655172127
14,40,0.011672165655172127
14,50,0.011672165655172127
14,60,0.011672165655172127
14,70,0.011672165655172127
14,80,0.011672165655172127
14,90,0.011672165655172127
14,100,0.011672165655172127
14,110,0.012087965655172114
14,120,0.012087965655172114
14,130,0.012087965655172114
14,140,0.012087965655172114
14,150,0.012087965655172114
14,160,0.012087965655172114
14,170,0.012087965655172114
14,180,0.039102121764016784
14,190,0.039102121764016784
14,200,0.039102121764016784
14,210,0.039102121764016784
14,220,0.039102121764016784
14,230,0.039102121764016784
14,240,0.039102121764016784
14,250,0.039102121764016784
14,260,0.039102121764016784
14,270,0.039102121764016784
14,280,0.039102121764016784
14,290,0.039102121764016784
14,300,0.03910212176401678
15,10,0.0010000000000000002
15,20,0.011000000000000003
15,30,0.011000000000000001
15,40,0.011000000000000001
15,50,0.011000000000000001
15,60,0.011000000000000001
15,70,0.015840666666666676
15,80,0.015840666666666676
15,90,0.015840666666666676
15,100,0.015840666666666676
15,110,0.015840666666666676
15,120,0.015840666666666676
15,130,0.015840666666666676
15,140,0.015840666666666676
15,150,0.015840666666666676
15,160,0.015840666666666676
15,170,0.015840666666666676
15,180,0.016024000000000007
15,190,0.016024000000000007
15,200,0.016024000000000007
15,210,0.017090076000000058
15,220,0.017090076000000058
15,230,0.017090076000000058
15,240,0.017090076000000058
15,250,0.017090076000000058
15,260,0.017090076000000058
15,270,0.017090076000000058
15,280,0.017090076000000058
15,290,0.017090076000000058
15,300,0.017090076000000058
16,10,0.011000000000000003
16,20,0.015840666666666676
16,30,0.015840666666666676
16,40,0.015840666666666676
16,50,0.015840666666666676
16,60,0.01602400000000001
16,70,0.01602400000000001
16,80,0.01602400000000001
16,90,0.01602400000000001
16,100,0.01602400000000001
16,110,0.01602400000000001
16,120,0.01602400000000001
16,130,0.01602400000000001
16,140,0.01602400000000001
16,150,0.01602400000000001
16,160,0.04388610644898075
16,170,0.04388610644898075
16,180,0.04412058244898075
16,190,0.04412058244898075
16,200,0.04412058244898075
16,210,0.044536382448980734
16,220,0.044536382448980734
16,230,0.044536382448980734
16,240,0.044536382448980734
16,250,0.044536382448980734
16,260,0.044536382448980734
16,270,0.044536382448980734
16,280,0.044536382448980734
16,290,0.044536382448980734
16,300,0.044536382448980734
17,10,0.0010000000000000002
17,20,0.0010000000000000002
17,30,0.0010000000000000002
17,40,0.0010000000000000002
17,50,0.0010000000000000002
17,60,0.011000000000000003
17,70,0.011000000000000003
17,80,0.016674275999999995
17,90,0.016674275999999995
17,100,0.016674275999999995
17,110,0.016674275999999995
17,120,0.016674275999999995
17,130,0.016674275999999995
17,140,0.016674275999999995
17,150,0.016674275999999995
17,160,0.016674275999999995
17,170,0.016674275999999995
17,180,0.016674275999999995
17,190,0.016674275999999995
17,200,0.016674275999999995
17,210,0.016674275999999995
17,220,0.016674275999999995
17,230,0.016674275999999995
17,240,0.016674275999999995
17,250,0.016674275999999995
17,260,0.016674275999999995
17,270,0.016674275999999995
17,280,0.016674275999999995
17,290,0.016674275999999995
17,300,0.016674275999999995
18,10,0.0010000000000000002
18,20,0.00641368965517212
18,30,0.00641368965517212
18,40,0.00641368965517212
18,50,0.011000000000000001
18,60,0.011000000000000001
18,70,0.011000000000000001
18,80,0.011000000000000001
18,90,0.011000000000000001
18,100,0.01602400000000001
18,110,0.01602400000000001
18,120,0.01602400000000001
18,130,0.01602400000000001
18,140,0.01602400000000001
18,150,0.01602400000000001
18,160,0.01602400000000001
18,170,0.01602400000000001
18,180,0.01602400000000001
18,190,0.01602400000000001
18,200,0.01602400000000001
18,210,0.016674275999999995
18,220,0.016674275999999995
18,230,0.016674275999999995
18,240,0.016674275999999995
18,250,0.016674275999999995
18,260,0.016674275999999995
18,270,0.016674275999999995
18,280,0.016674275999999995
18,290,0.016674275999999995
18,300,0.016674275999999995
19,10,0.0010000000000000002
19,20,0.00641368965517212
19,30,0.00641368965517212
19,40,0.00641368965517212
19,50,0.00641368965517212
19,60,0.00641368965517212
19,70,0.00641368965517212
19,80,0.00641368965517212
19,90,0.03746022337930868
19,100,0.03746022337930868
19,110,0.03746022337930868
19,120,0.03746022337930868
19,130,0.03746022337930868
19,140,0.03746022337930868
19,150,0.037878032712642014
19,160,0.042806734936963506
19,170,0.042806734936963506
19,180,0.042806734936963506
19,190,0.042806734936963506
19,200,0.042806734936963506
19,210,0.042806734936963506
19,220,0.042806734936963506
19,230,0.042806734936963506
19,240,0.042806734936963506
19,250,0.042806734936963506
19,260,0.042806734936963506
19,270,0.042806734936963506
19,280,0.042806734936963506
19,290,0.042806734936963506
19,300,0.04739304528179139
20,10,0.006258476000000008
20,20,0.006258476000000008
20,30,0.006258476000000008
20,40,0.006258476000000008
20,50,0.006258476000000008
20,60,0.011672165655172128
20,70,0.038870542482756884
20,80,0.038870542482756884
20,90,0.038870542482756884
20,100,0.038870542482756884
20,110,0.038870542482756884
20,120,0.038870542482756884
20,130,0.04345685282758477
20,140,0.04345685282758477
20,150,0.04345685282758477
20,160,0.04345685282758477
20,170,0.04345685282758477
20,180,0.04345685282758477
20,190,0.04345685282758477
20,200,0.04345685282758477
20,210,0.04345685282758477
20,220,0.04345685282758477
20,230,0.04345685282758477
20,240,0.04345685282758477
20,250,0.04345685282758477
20,260,0.04345685282758477
20,270,0.04345685282758477
20,280,0.04345685282758477
20,290,0.04345685282758477
20,300,0.04345685282758477
21,10,0.015840666666666676
21,20,0.015840666666666676
21,30,0.015840666666666676
21,40,0.015840666666666676
21,50,0.015840666666666676
21,60,0.015840666666666676
21,70,0.015840666666666676
21,80,0.015840666666666676
21,90,0.015840666666666676
21,100,0.015840666666666676
21,110,0.015840666666666676
21,120,0.015840666666666676
21,130,0.015840666666666676
21,140,0.016024000000000007
21,150,0.016024000000000007
21,160,0.016024000000000007
21,170,0.016024000000000007
21,180,0.01625847600000001
21,190,0.01625847600000001
21,200,0.01625847600000001
21,210,0.016674275999999995
21,220,0.016674275999999995
21,230,0.016674275999999995
21,240,0.016674275999999995
21,250,0.016674275999999995
21,260,0.016674275999999995
21,270,0.016674275999999995
21,280,0.016674275999999995
21,290,0.016674275999999995
21,300,0.016674275999999995
22,10,0.0010000000000000002
22,20,0.011000000000000003
22,30,0.011000000000000003
22,40,0.011000000000000003
22,50,0.011000000000000003
22,60,0.011000000000000003
22,70,0.011000000000000003
22,80,0.011000000000000003
22,90,0.011000000000000003
22,100,0.011000000000000001
22,110,0.011000000000000001
22,120,0.044726233123170915
22,130,0.044726233123170915
22,140,0.044726233123170915
22,150,0.044726233123170915
22,160,0.044726233123170915
22,170,0.044726233123170915
22,180,0.044726233123170915
22,190,0.044726233123170915
22,200,0.044726233123170915
22,210,0.044726233123170915
22,220,0.044726233123170915
22,230,0.044726233123170915
22,240,0.044726233123170915
22,250,0.044726233123170915
22,260,0.044726233123170915
22,270,0.044726233123170915
22,280,0.044726233123170915
22,290,0.044726233123170915
22,300,0.044726233123170915
23,10,0.005840666666666676
23,20,0.016258476000000015
23,30,0.01625847600000001
23,40,0.01625847600000001
23,50,0.01625847600000001
23,60,0.01625847600000001
23,70,0.01625847600000001
23,80,0.01625847600000001
23,90,0.01625847600000001
23,100,0.01625847600000001
23,110,0.01625847600000001
23,120,0.01625847600000001
23,130,0.01625847600000001
23,140,0.016258476000000015
23,150,0.016258476000000015
23,160,0.016258476000000015
23,170,0.016258476000000015
23,180,0.016258476000000015
23,190,0.016258476000000015
23,200,0.016258476000000015
23,210,0.016258476000000015
23,220,0.016258476000000015
23,230,0.016258476000000015
23,240,0.016258476000000015
23,250,0.016258476000000015
23,260,0.016258476000000015
23,270,0.016258476000000015
23,280,0.016258476000000015
23,290,0.016258476000000015
23,300,0.016258476000000015
24,10,0.0010000000000000002
24,20,0.00641368965517212
24,30,0.00641368965517212
24,40,0.011672165655172127
24,50,0.01625847600000001
24,60,0.016258476000000015
24,70,0.016258476000000015
24,80,0.016258476000000015
24,90,0.016258476000000015
24,100,0.016258476000000015
24,110,0.016258476000000015
24,120,0.016258476000000015
24,130,0.016258476000000015
24,140,0.016258476000000015
24,150,0.016258476000000015
24,160,0.016258476000000015
24,170,0.016258476000000015
24,180,0.016258476000000015
24,190,0.016258476000000015
24,200,0.016258476000000015
24,210,0.016258476000000015
24,220,0.016258476000000015
24,230,0.016258476000000015
24,240,0.016258476000000015
24,250,0.016258476000000015
24,260,0.016258476000000015
24,270,0.016258476000000015
24,280,0.016258476000000015
24,290,0.016258476000000015
24,300,0.016258476000000015
25,10,0.0062584760000000085
25,20,0.0062584760000000085
25,30,0.011672165655172127
25,40,0.016674275999999995
25,50,0.016674275999999995
25,60,0.016674275999999995
25,70,0.016674275999999995
25,80,0.016674275999999995
25,90,0.016674275999999995
25,100,0.016674275999999995
25,110,0.016674275999999995
25,120,0.016674275999999995
25,130,0.016674275999999995
25,140,0.016674275999999995
25,150,0.06925903600000005
25,160,0.06925903600000005
25,170,0.06925903600000005
25,180,0.06925903600000005
25,190,0.06925903600000005
25,200,0.06967483600000013
25,210,0.06967483600000013
25,220,0.06967483600000013
25,230,0.06967483600000013
25,240,0.06967483600000013
25,250,0.06967483600000013
25,260,0.06967483600000013
25,270,0.06967483600000013
25,280,0.06967483600000013
25,290,0.06967483600000013
25,300,0.06967483600000013
26,10,0.005840666666666676
26,20,0.005840666666666676
26,30,0.005840666666666676
26,40,0.011254356321838795
26,50,0.011254356321838795
26,60,0.011254356321838795
26,70,0.011254356321838795
26,80,0.011254356321838795
26,90,0.03746022337930868
26,100,0.03746022337930868
26,110,0.03746022337930868
26,120,0.038293832712642
26,130,0.038293832712642
26,140,0.038293832712642
26,150,0.042880143057469886
26,160,0.042880143057469886
26,170,0.042880143057469886
26,180,0.042880143057469886
26,190,0.042880143057469886
26,200,0.042880143057469886
26,210,0.042880143057469886
26,220,0.042880143057469886
26,230,0.042880143057469886
26,240,0.042880143057469886
26,250,0.042880143057469886
26,260,0.042880143057469886
26,270,0.042880143057469886
26,280,0.042880143057469886
26,290,0.042880143057469886
26,300,0.042880143057469886
27,10,0.0010000000000000002
27,20,0.006024000000000007
27,30,0.011437689655172126
27,40,0.011437689655172124
27,50,0.011437689655172124
27,60,0.011437689655172124
27,70,0.011437689655172124
27,80,0.011437689655172124
27,90,0.011437689655172124
27,100,0.011437689655172124
27,110,0.011437689655172124
27,120,0.037643556712642016
27,130,0.037643556712642016
27,140,0.037643556712642016
27,150,0.0422298670574699
27,160,0.0422298670574699
27,170,0.0422298670574699
27,180,0.0422298670574699
27,190,0.0422298670574699
27,200,0.0422298670574699
27,210,0.0422298670574699
27,220,0.0422298670574699
27,230,0.0422298670574699
27,240,0.0422298670574699
27,250,0.0422298670574699
27,260,0.0422298670574699
27,270,0.0422298670574699
27,280,0.0422298670574699
27,290,0.0422298670574699
27,300,0.0422298670574699
28,10,0.0010000000000000002
28,20,0.0010000000000000002
28,30,0.0010000000000000002
28,40,0.005840666666666676
28,50,0.011254356321838795
28,60,0.011254356321838795
28,70,0.01625847600000001
28,80,0.01625847600000001
28,90,0.020883659673469585
28,100,0.020883659673469585
28,110,0.020883659673469585
28,120,0.020883659673469585
28,130,0.020883659673469585
28,140,0.020883659673469585
28,150,0.020883659673469585
28,160,0.020883659673469585
28,170,0.020883659673469585
28,180,0.020883659673469585
28,190,0.020883659673469585
28,200,0.020883659673469585
28,210,0.020883659673469585
28,220,0.020883659673469585
28,230,0.020883659673469585
28,240,0.020883659673469585
28,250,0.020883659673469585
28,260,0.020883659673469585
28,270,0.020883659673469585
28,280,0.048082036501054345
28,290,0.048082036501054345
28,300,0.048082036501054345
29,10,0.011000000000000003
29,20,0.011000000000000001
29,30,0.011000000000000001
29,40,0.01602400000000001
29,50,0.01602400000000001
29,60,0.01602400000000001
29,70,0.01602400000000001
29,80,0.01602400000000001
29,90,0.01602400000000001
29,100,0.01602400000000001
29,110,0.01602400000000001
29,120,0.01602400000000001
29,130,0.01602400000000001
29,140,0.016024000000000007
29,150,0.016024000000000007
29,160,0.016024000000000007
29,170,0.016024000000000007
29,180,0.016024000000000007
29,190,0.016024000000000007
29,200,0.016024000000000007
29,210,0.016024000000000007
29,220,0.016024000000000007
29,230,0.016024000000000007
29,240,0.016024000000000007
29,250,0.016024000000000007
29,260,0.016024000000000007
29,270,0.016024000000000007
29,280,0.016024000000000007
29,290,0.016024000000000007
29,300,0.016024000000000007
30,10,0.00641368965517212
30,20,0.00641368965517212
30,30,0.00641368965517212
30,40,0.011038873328641693
30,50,0.011038873328641693
30,60,0.011038873328641693
30,70,0.011038873328641693
30,80,0.016713149328641687
30,90,0.016713149328641687
30,100,0.016713149328641687
30,110,0.016713149328641687
30,120,0.016713149328641687
30,130,0.016713149328641687
30,140,0.016713149328641687
30,150,0.016713149328641687
30,160,0.016713149328641687
30,170,0.016713149328641687
30,180,0.016713149328641687
30,190,0.016713149328641687
30,200,0.016713149328641687
30,210,0.016713149328641687
30,220,0.016713149328641687
30,230,0.016713149328641687
30,240,0.017128949328641743
30,250,0.017128949328641743
30,260,0.017128949328641743
30,270,0.017128949328641743
30,280,0.017128949328641743
30,290,0.017128949328641743
30,300,0.017128949328641743
31,10,0.005840666666666676
31,20,0.005840666666666676
31,30,0.006024000000000007
31,40,0.006024000000000007
31,50,0.01602400000000001
31,60,0.016258476000000004
31,70,0.016258476000000004
31,80,0.016258476000000004
31,90,0.016258476000000004
31,100,0.016258476000000004
31,110,0.016258476000000004
31,120,0.016258476000000004
31,130,0.016258476000000004
31,140,0.016258476000000004
31,150,0.016258476000000004
31,160,0.016258476000000004
31,170,0.016258476000000004
31,180,0.016258476000000004
31,190,0.016258476000000004
31,200,0.016258476000000004
31,210,0.016258476000000008
31,220,0.016258476000000008
31,230,0.016258476000000008
31,240,0.016258476000000015
31,250,0.016258476000000015
31,260,0.016258476000000015
31,270,0.016258476000000015
31,280,0.0424643430574699
31,290,0.0424643430574699
31,300,0.0424643430574699
32,10,0.005840666666666676
32,20,0.005840666666666676
32,30,0.016024000000000007
32,40,0.016024000000000007
32,50,0.016024000000000007
32,60,0.016024000000000007
32,70,0.016024000000000007
32,80,0.016024000000000007
32,90,0.06626400000000007
32,100,0.06626400000000007
32,110,0.06626400000000007
32,120,0.06626400000000007
32,130,0.06649847600000008
32,140,0.06649847600000008
32,150,0.06649847600000008
32,160,0.06649847600000008
32,170,0.06649847600000008
32,180,0.06649847600000008
32,190,0.06649847600000008
32,200,0.06649847600000008
32,210,0.06649847600000008
32,220,0.06649847600000008
32,230,0.06649847600000008
32,240,0.06649847600000008
32,250,0.06649847600000008
32,260,0.06649847600000008
32,270,0.06649847600000008
32,280,0.06649847600000008
32,290,0.06649847600000008
32,300,0.06649847600000008
33,10,0.0010000000000000002
33,20,0.037878032712642014
33,30,0.037878032712642014
33,40,0.037878032712642014
33,50,0.037878032712642014
33,60,0.037878032712642014
33,70,0.037878032712642014
33,80,0.037878032712642014
33,90,0.037878032712642014
33,100,0.037878032712642014
33,110,0.037878032712642014
33,120,0.037878032712642014
33,130,0.0424643430574699
33,140,0.0424643430574699
33,150,0.0424643430574699
33,160,0.0424643430574699
33,170,0.0424643430574699
33,180,0.0424643430574699
33,190,0.0424643430574699
33,200,0.0424643430574699
33,210,0.0424643430574699
33,220,0.055393481757653275
33,230,0.055393481757653275
33,240,0.055393481757653275
33,250,0.055393481757653275
33,260,0.055393481757653275
33,270,0.055393481757653275
33,280,0.055393481757653275
33,290,0.055393481757653275
33,300,0.055393481757653275
34,10,0.0010000000000000002
34,20,0.0010000000000000002
34,30,0.0010000000000000002
34,40,0.0010000000000000002
34,50,0.012087965655172114
34,60,0.012087965655172114
34,70,0.012087965655172114
34,80,0.012087965655172114
34,90,0.016674275999999995
34,100,0.016674275999999995
34,110,0.016674275999999995
34,120,0.016674275999999995
34,130,0.016674275999999995
34,140,0.016674275999999995
34,150,0.016674275999999995
34,160,0.042880143057469886
34,170,0.042880143057469886
34,180,0.042880143057469886
34,190,0.042880143057469886
34,200,0.042880143057469886
34,210,0.042880143057469886
34,220,0.042880143057469886
34,230,0.042880143057469886
34,240,0.042880143057469886
34,250,0.042880143057469886
34,260,0.042880143057469886
34,270,0.042880143057469886
34,280,0.042880143057469886
34,290,0.042880143057469886
34,300,0.042880143057469886
35,10,0.00641368965517212
35,20,0.00641368965517212
35,30,0.00641368965517212
35,40,0.00641368965517212
35,50,0.00641368965517212
35,60,0.03863606648275689
35,70,0.03863606648275689
35,80,0.03863606648275689
35,90,0.04322237682758477
35,100,0.04322237682758477
35,110,0.04322237682758477
35,120,0.04322237682758477
35,130,0.04322237682758477
35,140,0.04322237682758477
35,150,0.04322237682758477
35,160,0.04322237682758477
35,170,0.04322237682758477
35,180,0.04322237682758477
35,190,0.04322237682758477
35,200,0.04322237682758477
35,210,0.04322237682758477
35,220,0.04322237682758477
35,230,0.04322237682758477
35,240,0.04322237682758477
35,250,0.04322237682758477
35,260,0.043872652827584756
35,270,0.043872652827584756
35,280,0.043872652827584756
35,290,0.043872652827584756
35,300,0.043872652827584756
36,10,0.0010000000000000002
36,20,0.0010000000000000002
36,30,0.0010000000000000002
36,40,0.00641368965517212
36,50,0.00641368965517212
36,60,0.00641368965517212
36,70,0.00641368965517212
36,80,0.00641368965517212
36,90,0.00641368965517212
36,100,0.00641368965517212
36,110,0.00641368965517212
36,120,0.00641368965517212
36,130,0.00641368965517212
36,140,0.00641368965517212
36,150,0.00641368965517212
36,160,0.00641368965517212
36,170,0.00641368965517212
36,180,0.00641368965517212
36,190,0.011000000000000001
36,200,0.011000000000000001
36,210,0.011000000000000001
36,220,0.011000000000000001
36,230,0.011000000000000001
36,240,0.011000000000000001
36,250,0.011000000000000001
36,260,0.011000000000000001
36,270,0.011000000000000001
36,280,0.011000000000000001
36,290,0.011000000000000001
36,300,0.011000000000000001
37,10,0.005840666666666676
37,20,0.005840666666666676
37,30,0.015840666666666676
37,40,0.015840666666666676
37,50,0.015840666666666676
37,60,0.016674275999999995
37,70,0.016674275999999995
37,80,0.016674275999999995
37,90,0.016674275999999995
37,100,0.016674275999999995
37,110,0.016674275999999995
37,120,0.016674275999999995
37,130,0.016674275999999995
37,140,0.016674275999999995
37,150,0.016674275999999995
37,160,0.016674275999999995
37,170,0.016674275999999995
37,180,0.016674275999999995
37,190,0.02129945967346957
37,200,0.02129945967346957
37,210,0.02129945967346957
37,220,0.02129945967346957
37,230,0.02129945967346957
37,240,0.02129945967346957
37,250,0.02129945967346957
37,260,0.02129945967346957
37,270,0.02129945967346957
37,280,0.02129945967346957
37,290,0.02129945967346957
37,300,0.02129945967346957
38,10,0.00641368965517212
38,20,0.00641368965517212
38,30,0.00641368965517212
38,40,0.00641368965517212
38,50,0.00641368965517212
38,60,0.00641368965517212
38,70,0.00641368965517212
38,80,0.00641368965517212
38,90,0.00641368965517212
38,100,0.00641368965517212
38,110,0.00641368965517212
38,120,0.011437689655172126
38,130,0.016024000000000007
38,140,0.01602400000000001
38,150,0.04322237682758477
38,160,0.04345685282758477
38,170,0.04345685282758477
38,180,0.07047100893642944
38,190,0.07047100893642944
38,200,0.07047100893642944
38,210,0.07047100893642944
38,220,0.07047100893642944
38,230,0.07047100893642944
38,240,0.07047100893642944
38,250,0.07047100893642944
38,260,0.07047100893642944
38,270,0.07047100893642944
38,280,0.07047100893642944
38,290,0.07047100893642944
38,300,0.07047100893642944
39,10,0.0010000000000000002
39,20,0.006024000000000007
39,30,0.011672165655172125
39,40,0.011672165655172125
39,50,0.011672165655172125
39,60,0.011672165655172125
39,70,0.011672165655172125
39,80,0.011672165655172125
39,90,0.011672165655172125
39,100,0.011672165655172125
39,110,0.011672165655172125
39,120,0.012087965655172108
39,130,0.012087965655172108
39,140,0.012087965655172108
39,150,0.012087965655172108
39,160,0.012087965655172108
39,170,0.012087965655172108
39,180,0.012087965655172108
39,190,0.012087965655172108
39,200,0.017090076000000058
39,210,0.017090076000000058
39,220,0.017090076000000058
39,230,0.017090076000000058
39,240,0.017090076000000058
39,250,0.017090076000000058
39,260,0.017090076000000058
39,270,0.017090076000000058
39,280,0.017090076000000058
39,290,0.017090076000000058
39,300,0.017090076000000058
40,10,0.0062584760000000085
40,20,0.011672165655172127
40,30,0.011672165655172125
40,40,0.011672165655172125
40,50,0.011672165655172125
40,60,0.011672165655172125
40,70,0.011672165655172125
40,80,0.011672165655172125
40,90,0.011672165655172125
40,100,0.011672165655172125
40,110,0.011672165655172125
40,120,0.011672165655172125
40,130,0.011672165655172125
40,140,0.011672165655172125
40,150,0.011672165655172125
40,160,0.011672165655172125
40,170,0.016258476000000008
40,180,0.016258476000000008
40,190,0.016258476000000008
40,200,0.016258476000000008
40,210,0.016258476000000008
40,220,0.016258476000000008
40,230,0.016258476000000008
40,240,0.016258476000000008
40,250,0.020883659673469585
40,260,0.020883659673469585
40,270,0.020883659673469585
40,280,0.020883659673469585
40,290,0.020883659673469585
40,300,0.020883659673469585
41,10,0.0010000000000000002
41,20,0.0010000000000000002
41,30,0.0010000000000000002
41,40,0.0010000000000000002
41,50,0.0010000000000000002
41,60,0.0010000000000000002
41,70,0.00641368965517212
41,80,0.00641368965517212
41,90,0.00641368965517212
41,100,0.011437689655172126
41,110,0.011437689655172126
41,120,0.011437689655172126
41,130,0.011437689655172126
41,140,0.011437689655172126
41,150,0.016024000000000007
41,160,0.016024000000000007
41,170,0.016024000000000007
41,180,0.016024000000000007
41,190,0.016024000000000007
41,200,0.016024000000000007
41,210,0.016024000000000007
41,220,0.016024000000000007
41,230,0.016024000000000007
41,240,0.016024000000000007
41,250,0.016024000000000007
41,260,0.016024000000000007
41,270,0.016024000000000007
41,280,0.016024000000000007
41,290,0.017090076000000058
41,300,0.017090076000000058
42,10,0.0010000000000000002
42,20,0.0010000000000000002
42,30,0.011254356321838795
42,40,0.011254356321838795
42,50,0.011254356321838795
42,60,0.011254356321838795
42,70,0.011254356321838795
42,80,0.011254356321838795
42,90,0.011254356321838795
42,100,0.011437689655172124
42,110,0.011437689655172124
42,120,0.011437689655172124
42,130,0.011437689655172124
42,140,0.011437689655172124
42,150,0.011437689655172124
42,160,0.011437689655172124
42,170,0.011437689655172124
42,180,0.011437689655172124
42,190,0.01602400000000001
42,200,0.01602400000000001
42,210,0.01602400000000001
42,220,0.01602400000000001
42,230,0.01602400000000001
42,240,0.01602400000000001
42,250,0.01602400000000001
42,260,0.01602400000000001
42,270,0.01602400000000001
42,280,0.01602400000000001
42,290,0.01602400000000001
42,300,0.01602400000000001
43,10,0.005840666666666676
43,20,0.005840666666666676
43,30,0.005840666666666676
43,40,0.005840666666666676
43,50,0.005840666666666676
43,60,0.011254356321838795
43,70,0.04013992277834303
43,80,0.044726233123170915
43,90,0.044726233123170915
43,100,0.044726233123170915
43,110,0.044726233123170915
43,120,0.044726233123170915
43,130,0.04472623312317092
43,140,0.04472623312317092
43,150,0.04472623312317092
43,160,0.04472623312317092
43,170,0.04472623312317092
43,180,0.049351416796640485
43,190,0.049351416796640485
43,200,0.049351416796640485
43,210,0.049351416796640485
43,220,0.049351416796640485
43,230,0.049351416796640485
43,240,0.049351416796640485
43,250,0.049351416796640485
43,260,0.049351416796640485
43,270,0.05018301679664053
43,280,0.05018301679664053
43,290,0.05018301679664053
43,300,0.05018301679664053
44,10,0.0010000000000000002
44,20,0.0010000000000000002
44,30,0.00641368965517212
44,40,0.011437689655172126
44,50,0.011437689655172126
44,60,0.011437689655172126
44,70,0.011437689655172126
44,80,0.011437689655172126
44,90,0.011437689655172126
44,100,0.011437689655172126
44,110,0.0160628733286417
44,120,0.016713149328641687
44,130,0.016713149328641687
44,140,0.02129945967346957
44,150,0.02129945967346957
44,160,0.02129945967346957
44,170,0.02129945967346957
44,180,0.02129945967346957
44,190,0.02129945967346957
44,200,0.02129945967346957
44,210,0.02129945967346957
44,220,0.02129945967346957
44,230,0.02129945967346957
44,240,0.02129945967346957
44,250,0.02129945967346957
44,260,0.02129945967346957
44,270,0.02129945967346957
44,280,0.02129945967346957
44,290,0.02129945967346957
44,300,0.02129945967346957
45,10,0.00641368965517212
45,20,0.00641368965517212
45,30,0.00641368965517212
45,40,0.00641368965517212
45,50,0.00641368965517212
45,60,0.00641368965517212
45,70,0.00641368965517212
45,80,0.00641368965517212
45,90,0.011437689655172126
45,100,0.011437689655172126
45,110,0.011437689655172126
45,120,0.011437689655172126
45,130,0.011437689655172126
45,140,0.011437689655172126
45,150,0.011437689655172126
45,160,0.011437689655172124
45,170,0.011437689655172124
45,180,0.011437689655172124
45,190,0.011437689655172124
45,200,0.011437689655172124
45,210,0.01602400000000001
45,220,0.01602400000000001
45,230,0.01602400000000001
45,240,0.01602400000000001
45,250,0.01602400000000001
45,260,0.01602400000000001
45,270,0.01602400000000001
45,280,0.01602400000000001
45,290,0.01602400000000001
45,300,0.01602400000000001
46,10,0.006024000000000007
46,20,0.006024000000000007
46,30,0.011437689655172126
46,40,0.016024000000000007
46,50,0.016024000000000007
46,60,0.016024000000000007
46,70,0.016024000000000007
46,80,0.016024000000000007
46,90,0.016024000000000007
46,100,0.016024000000000007
46,110,0.016024000000000007
46,120,0.016024000000000007
46,130,0.017505876000000038
46,140,0.017505876000000038
46,150,0.017505876000000038
46,160,0.017505876000000038
46,170,0.017505876000000038
46,180,0.017505876000000038
46,190,0.017505876000000038
46,200,0.017505876000000038
46,210,0.017505876000000038
46,220,0.017505876000000038
46,230,0.017505876000000038
46,240,0.017505876000000038
46,250,0.017505876000000038
46,260,0.017505876000000038
46,270,0.017505876000000038
46,280,0.017505876000000038
46,290,0.017505876000000038
46,300,0.017505876000000038
47,10,0.0010000000000000002
47,20,0.0010000000000000002
47,30,0.0010000000000000002
47,40,0.0010000000000000002
47,50,0.011672165655172127
47,60,0.06884323600000009
47,70,0.06884323600000009
47,80,0.06884323600000009
47,90,0.06884323600000009
47,100,0.06884323600000009
47,110,0.06884323600000009
47,120,0.06884323600000009
47,130,0.06884323600000009
47,140,0.06884323600000009
47,150,0.06884323600000009
47,160,0.06884323600000009
47,170,0.06967483600000013
47,180,0.06967483600000013
47,190,0.06967483600000013
47,200,0.06967483600000013
47,210,0.06967483600000013
47,220,0.06967483600000013
47,230,0.06967483600000013
47,240,0.06967483600000013
47,250,0.06967483600000013
47,260,0.06967483600000013
47,270,0.06967483600000013
47,280,0.06967483600000013
47,290,0.06967483600000013
47,300,0.06967483600000013
48,10,0.0062584760000000085
48,20,0.011672165655172127
48,30,0.011672165655172127
48,40,0.011672165655172128
48,50,0.011672165655172128
48,60,0.011672165655172128
48,70,0.01250376565517217
48,80,0.01250376565517217
48,90,0.012503765655172172
48,100,0.012503765655172172
48,110,0.012503765655172172
48,120,0.012503765655172172
48,130,0.012503765655172172
48,140,0.01250376565517217
48,150,0.01250376565517217
48,160,0.01250376565517217
48,170,0.012503765655172175
48,180,0.012503765655172175
48,190,0.012503765655172173
48,200,0.012503765655172173
48,210,0.012503765655172173
48,220,0.012503765655172173
48,230,0.012503765655172173
48,240,0.012503765655172173
48,250,0.017090076000000058
48,260,0.017090076000000058
48,270,0.017090076000000058
48,280,0.017090076000000058
48,290,0.017090076000000058
48,300,0.017090076000000058
49,10,0.006024000000000007
49,20,0.01602400000000001
49,30,0.016024000000000007
49,40,0.0422298670574699
49,50,0.0422298670574699
49,60,0.0422298670574699
49,70,0.0422298670574699
49,80,0.0422298670574699
49,90,0.0422298670574699
49,100,0.0422298670574699
49,110,0.0424643430574699
49,120,0.0424643430574699
49,130,0.0424643430574699
49,140,0.0424643430574699
49,150,0.0424643430574699
49,160,0.0424643430574699
49,170,0.0424643430574699
49,180,0.0424643430574699
49,190,0.0424643430574699
49,200,0.0424643430574699
49,210,0.0424643430574699
49,220,0.0424643430574699
49,230,0.0424643430574699
49,240,0.0424643430574699
49,250,0.0424643430574699
49,260,0.0424643430574699
49,270,0.0424643430574699
49,280,0.0424643430574699
49,290,0.0424643430574699
49,300,0.0424643430574699
50,10,0.0010000000000000002
50,20,0.011000000000000003
50,30,0.011000000000000003
50,40,0.015840666666666676
50,50,0.020465850340136253
50,60,0.020465850340136253
50,70,0.020465850340136253
50,80,0.020465850340136253
50,90,0.020465850340136253
50,100,0.022131059673469615
50,110,0.022131059673469615
50,120,0.022131059673469615
50,130,0.022131059673469615
50,140,0.022131059673469615
50,150,0.022131059673469615
50,160,0.022131059673469615
50,170,0.022131059673469615
50,180,0.022131059673469615
50,190,0.022131059673469615
50,200,0.022131059673469615
50,210,0.022131059673469615
50,220,0.022131059673469615
50,230,0.022131059673469615
50,240,0.022131059673469615
50,250,0.022131059673469615
50,260,0.022131059673469615
50,270,0.022131059673469615
50,280,0.022131059673469615
50,290,0.022131059673469615
50,300,0.022131059673469615
51,10,0.0010000000000000002
51,20,0.0010000000000000002
51,30,0.00641368965517212
51,40,0.00641368965517212
51,50,0.012503765655172172
51,60,0.012919565655172157
51,70,0.012919565655172157
51,80,0.012919565655172157
51,90,0.012919565655172157
51,100,0.012919565655172157
51,110,0.012919565655172157
51,120,0.012919565655172157
51,130,0.012919565655172157
51,140,0.012919565655172155
51,150,0.012919565655172157
51,160,0.012919565655172157
51,170,0.012919565655172157
51,180,0.012919565655172157
51,190,0.012919565655172157
51,200,0.012919565655172157
51,210,0.012919565655172157
51,220,0.012919565655172157
51,230,0.012919565655172157
51,240,0.012919565655172157
51,250,0.012919565655172157
51,260,0.012919565655172157
51,270,0.012919565655172157
51,280,0.012919565655172157
51,290,0.012919565655172157
51,300,0.012919565655172157
52,10,0.011000000000000003
52,20,0.011000000000000003
52,30,0.011000000000000001
52,40,0.016258476000000015
52,50,0.016258476000000015
52,60,0.016258476000000015
52,70,0.016258476000000015
52,80,0.016258476000000015
52,90,0.016258476000000015
52,100,0.016258476000000015
52,110,0.016258476000000015
52,120,0.016258476000000015
52,130,0.016258476000000015
52,140,0.016258476000000015
52,150,0.016258476000000015
52,160,0.016258476000000015
52,170,0.017090076000000058
52,180,0.017090076000000058
52,190,0.017090076000000058
52,200,0.017090076000000058
52,210,0.017090076000000058
52,220,0.017090076000000058
52,230,0.017090076000000058
52,240,0.017090076000000058
52,250,0.017090076000000058
52,260,0.017090076000000058
52,270,0.017090076000000058
52,280,0.017090076000000058
52,290,0.017090076000000058
52,300,0.017090076000000058
53,10,0.01046585034013625
53,20,0.01046585034013625
53,30,0.01046585034013625
53,40,0.01046585034013625
53,50,0.01046585034013625
53,60,0.017128949328641743
53,70,0.021715259673469628
53,80,0.021715259673469628
53,90,0.021715259673469628
53,100,0.021715259673469628
53,110,0.021715259673469628
53,120,0.021715259673469628
53,130,0.021715259673469628
53,140,0.021715259673469628
53,150,0.021715259673469628
53,160,0.021715259673469628
53,170,0.021715259673469628
53,180,0.021715259673469628
53,190,0.021715259673469628
53,200,0.021715259673469628
53,210,0.021715259673469628
53,220,0.021715259673469628
53,230,0.021715259673469628
53,240,0.021715259673469628
53,250,0.021715259673469628
53,260,0.021715259673469628
53,270,0.021715259673469628
53,280,0.021715259673469628
53,290,0.021715259673469628
53,300,0.021715259673469628
54,10,0.006024000000000007
54,20,0.011437689655172126
54,30,0.011437689655172126
54,40,0.011437689655172124
54,50,0.011437689655172124
54,60,0.01602400000000001
54,70,0.016258476000000004
54,80,0.016258476000000004
54,90,0.016258476000000004
54,100,0.016674275999999995
54,110,0.016674275999999995
54,120,0.016674275999999995
54,130,0.016674275999999995
54,140,0.016674275999999995
54,150,0.016674275999999995
54,160,0.016674275999999995
54,170,0.016674275999999995
54,180,0.02129945967346957
54,190,0.02129945967346957
54,200,0.02129945967346957
54,210,0.02129945967346957
54,220,0.02129945967346957
54,230,0.02129945967346957
54,240,0.02129945967346957
54,250,0.02129945967346957
54,260,0.02129945967346957
54,270,0.02129945967346957
54,280,0.02129945967346957
54,290,0.047505326730939455
54,300,0.047505326730939455
55,10,0.0010000000000000002
55,20,0.011000000000000003
55,30,0.011000000000000003
55,40,0.015840666666666676
55,50,0.015840666666666676
55,60,0.015840666666666676
55,70,0.015840666666666676
55,80,0.015840666666666676
55,90,0.015840666666666676
55,100,0.015840666666666676
55,110,0.015840666666666676
55,120,0.01602400000000001
55,130,0.020649183673469587
55,140,0.020649183673469587
55,150,0.020649183673469587
55,160,0.020649183673469587
55,170,0.020649183673469587
55,180,0.020649183673469587
55,190,0.020649183673469587
55,200,0.020649183673469587
55,210,0.020649183673469587
55,220,0.020649183673469587
55,230,0.020649183673469587
55,240,0.020649183673469587
55,250,0.020649183673469587
55,260,0.020649183673469587
55,270,0.020649183673469587
55,280,0.020649183673469587
55,290,0.020649183673469587
55,300,0.020649183673469587
56,10,0.011000000000000003
56,20,0.011000000000000003
56,30,0.011000000000000003
56,40,0.011000000000000003
56,50,0.016674275999999995
56,60,0.016674275999999995
56,70,0.016674275999999995
56,80,0.016674275999999995
56,90,0.016674275999999995
56,100,0.016674275999999995
56,110,0.016674275999999995
56,120,0.016674275999999995
56,130,0.016674275999999995
56,140,0.016674275999999995
56,150,0.016674275999999995
56,160,0.016674275999999995
56,170,0.016674275999999995
56,180,0.016674275999999995
56,190,0.016674275999999995
56,200,0.016674275999999995
56,210,0.016674275999999995
56,220,0.05539348175765328
56,230,0.05539348175765328
56,240,0.05539348175765328
56,250,0.05539348175765328
56,260,0.05539348175765328
56,270,0.05539348175765328
56,280,0.05539348175765328
56,290,0.05539348175765328
56,300,0.05539348175765328
57,10,0.0010000000000000002
57,20,0.006024000000000007
57,30,0.006024000000000007
57,40,0.011437689655172126
57,50,0.012087965655172112
57,60,0.016674275999999995
57,70,0.016674275999999995
57,80,0.016674275999999995
57,90,0.016674275999999995
57,100,0.016674275999999995
57,110,0.016674275999999995
57,120,0.016674275999999995
57,130,0.016674275999999995
57,140,0.02129945967346957
57,150,0.02129945967346957
57,160,0.02129945967346957
57,170,0.02129945967346957
57,180,0.02129945967346957
57,190,0.02129945967346957
57,200,0.02129945967346957
57,210,0.02129945967346957
57,220,0.02129945967346957
57,230,0.02129945967346957
57,240,0.02129945967346957
57,250,0.02129945967346957
57,260,0.02129945967346957
57,270,0.02129945967346957
57,280,0.02129945967346957
57,290,0.02129945967346957
57,300,0.02129945967346957
58,10,0.0010000000000000002
58,20,0.011254356321838795
58,30,0.07341703599999991
58,40,0.07341703599999991
58,50,0.07341703599999991
58,60,0.07341703599999991
58,70,0.07341703599999991
58,80,0.07341703599999991
58,90,0.07341703599999991
58,100,0.07341703599999991
58,110,0.07341703599999991
58,120,0.07341703599999991
58,130,0.07341703599999991
58,140,0.07341703599999991
58,150,0.07341703599999991
58,160,0.07341703599999991
58,170,0.07341703599999991
58,180,0.07341703599999991
58,190,0.07341703599999991
58,200,0.07341703599999991
58,210,0.07341703599999991
58,220,0.07341703599999991
58,230,0.07341703599999991
58,240,0.07341703599999991
58,250,0.07341703599999991
58,260,0.07341703599999991
58,270,0.07341703599999991
58,280,0.07341703599999991
58,290,0.07341703599999991
58,300,0.07341703599999991
59,10,0.00641368965517212
59,20,0.00641368965517212
59,30,0.00641368965517212
59,40,0.00641368965517212
59,50,0.00641368965517212
59,60,0.011254356321838795
59,70,0.011437689655172124
59,80,0.01602400000000001
59,90,0.01602400000000001
59,100,0.01602400000000001
59,110,0.01602400000000001
59,120,0.01602400000000001
59,130,0.01602400000000001
59,140,0.01625847600000001
59,150,0.01625847600000001
59,160,0.01625847600000001
59,170,0.016674275999999995
59,180,0.016674275999999995
59,190,0.016674275999999995
59,200,0.016674275999999995
59,210,0.016674275999999995
59,220,0.016674275999999995
59,230,0.016674275999999995
59,240,0.016674275999999995
59,250,0.016674275999999995
59,260,0.016674275999999995
59,270,0.016674275999999995
59,280,0.016674275999999995
59,290,0.016674275999999995
59,300,0.016674275999999995
60,10,0.011254356321838795
60,20,0.011254356321838795
60,30,0.011254356321838795
60,40,0.011672165655172123
60,50,0.011672165655172123
60,60,0.011672165655172123
60,70,0.016258476000000008
60,80,0.016258476000000008
60,90,0.016258476000000008
60,100,0.016258476000000008
60,110,0.016258476000000008
60,120,0.016258476000000008
60,130,0.016258476000000008
60,140,0.016258476000000008
60,150,0.016258476000000008
60,160,0.016674275999999995
60,170,0.016674275999999995
60,180,0.016674275999999995
60,190,0.016674275999999995
60,200,0.016674275999999995
60,210,0.016674275999999995
60,220,0.016674275999999995
60,230,0.016674275999999995
60,240,0.016674275999999995
60,250,0.016674275999999995
60,260,0.016674275999999995
60,270,0.016674275999999995
60,280,0.016674275999999995
60,290,0.016674275999999995
60,300,0.016674275999999995
61,10,0.00641368965517212
61,20,0.00641368965517212
61,30,0.00641368965517212
61,40,0.00641368965517212
61,50,0.00641368965517212
61,60,0.00641368965517212
61,70,0.00641368965517212
61,80,0.00641368965517212
61,90,0.00641368965517212
61,100,0.00641368965517212
61,110,0.00641368965517212
61,120,0.00641368965517212
61,130,0.011437689655172126
61,140,0.011437689655172126
61,150,0.011437689655172124
61,160,0.011437689655172124
61,170,0.011437689655172124
61,180,0.011437689655172124
61,190,0.011437689655172126
61,200,0.011437689655172126
61,210,0.011437689655172126
61,220,0.011437689655172126
61,230,0.011437689655172126
61,240,0.011437689655172126
61,250,0.011437689655172126
61,260,0.011437689655172126
61,270,0.011437689655172126
61,280,0.011437689655172126
61,290,0.011437689655172126
61,300,0.011437689655172126
62,10,0.0010000000000000002
62,20,0.005840666666666676
62,30,0.005840666666666676
62,40,0.005840666666666676
62,50,0.005840666666666676
62,60,0.005840666666666676
62,70,0.011254356321838795
62,80,0.011254356321838795
62,90,0.011254356321838795
62,100,0.011254356321838795
62,110,0.011254356321838795
62,120,0.011254356321838795
62,130,0.012919565655172155
62,140,0.012919565655172155
62,150,0.012919565655172155
62,160,0.017505876000000038
62,170,0.017505876000000038
62,180,0.017505876000000038
62,190,0.017505876000000038
62,200,0.017505876000000038
62,210,0.017505876000000038
62,220,0.017505876000000038
62,230,0.017505876000000038
62,240,0.017505876000000038
62,250,0.017505876000000038
62,260,0.017505876000000038
62,270,0.017505876000000038
62,280,0.017505876000000038
62,290,0.017505876000000038
62,300,0.017505876000000038
63,10,0.0010000000000000002
63,20,0.00641368965517212
63,30,0.011254356321838795
63,40,0.011437689655172124
63,50,0.011437689655172124
63,60,0.011437689655172124
63,70,0.011437689655172124
63,80,0.011437689655172124
63,90,0.011672165655172123
63,100,0.016258476000000008
63,110,0.016258476000000008
63,120,0.016258476000000008
63,130,0.016258476000000008
63,140,0.016258476000000008
63,150,0.016258476000000008
63,160,0.016258476000000008
63,170,0.016258476000000008
63,180,0.017090076000000058
63,190,0.017090076000000058
63,200,0.017090076000000058
63,210,0.017090076000000058
63,220,0.017090076000000058
63,230,0.017090076000000058
63,240,0.017090076000000058
63,250,0.017090076000000058
63,260,0.017090076000000058
63,270,0.017090076000000058
63,280,0.017090076000000058
63,290,0.017090076000000058
63,300,0.017090076000000058
64,10,0.0010000000000000002
64,20,0.00641368965517212
64,30,0.016024000000000007
64,40,0.016024000000000007
64,50,0.016024000000000007
64,60,0.016024000000000007
64,70,0.016024000000000007
64,80,0.016024000000000007
64,90,0.016024000000000007
64,100,0.016024000000000007
64,110,0.016024000000000007
64,120,0.016024000000000007
64,130,0.016024000000000007
64,140,0.016024000000000007
64,150,0.016024000000000007
64,160,0.016674275999999995
64,170,0.016674275999999995
64,180,0.016674275999999995
64,190,0.016674275999999995
64,200,0.016674275999999995
64,210,0.016674275999999995
64,220,0.016674275999999995
64,230,0.02129945967346957
64,240,0.02129945967346957
64,250,0.02129945967346957
64,260,0.02129945967346957
64,270,0.02129945967346957
64,280,0.02129945967346957
64,290,0.02129945967346957
64,300,0.02129945967346957
65,10,0.00641368965517212
65,20,0.00641368965517212
65,30,0.011254356321838795
65,40,0.011254356321838795
65,50,0.011254356321838795
65,60,0.011254356321838795
65,70,0.011254356321838795
65,80,0.011254356321838795
65,90,0.011254356321838795
65,100,0.015840666666666673
65,110,0.015840666666666673
65,120,0.015840666666666673
65,130,0.015840666666666673
65,140,0.015840666666666673
65,150,0.015840666666666673
65,160,0.015840666666666673
65,170,0.01625847600000001
65,180,0.01625847600000001
65,190,0.01625847600000001
65,200,0.01625847600000001
65,210,0.01625847600000001
65,220,0.01625847600000001
65,230,0.01625847600000001
65,240,0.044726233123170915
65,250,0.044726233123170915
65,260,0.044726233123170915
65,270,0.044726233123170915
65,280,0.044726233123170915
65,290,0.044726233123170915
65,300,0.044726233123170915
66,10,0.0010000000000000002
66,20,0.0010000000000000002
66,30,0.005625183673469574
66,40,0.005625183673469574
66,50,0.005625183673469574
66,60,0.01587953999530837
66,70,0.01587953999530837
66,80,0.020465850340136253
66,90,0.020465850340136253
66,100,0.020465850340136253
66,110,0.020465850340136253
66,120,0.020465850340136253
66,130,0.02064918367346958
66,140,0.02064918367346958
66,150,0.02064918367346958
66,160,0.02064918367346958
66,170,0.02064918367346958
66,180,0.02064918367346958
66,190,0.02064918367346958
66,200,0.02064918367346958
66,210,0.02064918367346958
66,220,0.02064918367346958
66,230,0.02064918367346958
66,240,0.02064918367346958
66,250,0.022131059673469615
66,260,0.022131059673469615
66,270,0.022131059673469615
66,280,0.022131059673469615
66,290,0.022131059673469615
66,300,0.022131059673469615
67,10,0.0010000000000000002
67,20,0.0010000000000000002
67,30,0.0010000000000000002
67,40,0.00641368965517212
67,50,0.00641368965517212
67,60,0.00641368965517212
67,70,0.00641368965517212
67,80,0.011672165655172127
67,90,0.011672165655172128
67,100,0.016258476000000015
67,110,0.016258476000000015
67,120,0.016258476000000015
67,130,0.06466514266666676
67,140,0.06466514266666676
67,150,0.06466514266666676
67,160,0.06466514266666676
67,170,0.06466514266666676
67,180,0.06466514266666676
67,190,0.06466514266666676
67,200,0.06466514266666676
67,210,0.06466514266666676
67,220,0.06466514266666676
67,230,0.06466514266666676
67,240,0.06466514266666676
67,250,0.06466514266666676
67,260,0.06466514266666676
67,270,0.06466514266666676
67,280,0.06466514266666676
67,290,0.06466514266666676
67,300,0.06466514266666676
68,10,0.0010000000000000002
68,20,0.0010000000000000002
68,30,0.00641368965517212
68,40,0.011254356321838795
68,50,0.011254356321838795
68,60,0.011254356321838795
68,70,0.011254356321838795
68,80,0.011254356321838795
68,90,0.011254356321838795
68,100,0.011254356321838795
68,110,0.011254356321838795
68,120,0.011254356321838795
68,130,0.011254356321838795
68,140,0.01587953999530837
68,150,0.01587953999530837
68,160,0.01587953999530837
68,170,0.01587953999530837
68,180,0.01587953999530837
68,190,0.020465850340136253
68,200,0.020465850340136253
68,210,0.020465850340136253
68,220,0.020465850340136253
68,230,0.020465850340136253
68,240,0.020465850340136253
68,250,0.020465850340136253
68,260,0.020465850340136253
68,270,0.020465850340136253
68,280,0.020465850340136253
68,290,0.020465850340136253
68,300,0.020465850340136253
69,10,0.03746022337930868
69,20,0.03746022337930868
69,30,0.03746022337930868
69,40,0.03746022337930868
69,50,0.03746022337930868
69,60,0.03746022337930868
69,70,0.03746022337930868
69,80,0.03746022337930868
69,90,0.03746022337930868
69,100,0.037643556712642016
69,110,0.037643556712642016
69,120,0.037643556712642016
69,130,0.037643556712642016
69,140,0.037643556712642016
69,150,0.037643556712642016
69,160,0.037643556712642016
69,170,0.037643556712642016
69,180,0.037643556712642016
69,190,0.037643556712642016
69,200,0.037643556712642016
69,210,0.0422298670574699
69,220,0.0422298670574699
69,230,0.0422298670574699
69,240,0.0422298670574699
69,250,0.0422298670574699
69,260,0.0422298670574699
69,270,0.0422298670574699
69,280,0.0422298670574699
69,290,0.0422298670574699
69,300,0.0422298670574699
70,10,0.00641368965517212
70,20,0.00641368965517212
70,30,0.00641368965517212
70,40,0.011672165655172127
70,50,0.011672165655172127
70,60,0.011672165655172127
70,70,0.011672165655172127
70,80,0.011672165655172127
70,90,0.011672165655172127
70,100,0.011672165655172127
70,110,0.011672165655172128
70,120,0.011672165655172128
70,130,0.016258476000000015
70,140,0.020883659673469585
70,150,0.020883659673469585
70,160,0.020883659673469585
70,170,0.020883659673469585
70,180,0.020883659673469585
70,190,0.020883659673469585
70,200,0.020883659673469585
70,210,0.020883659673469585
70,220,0.020883659673469585
70,230,0.020883659673469585
70,240,0.020883659673469585
70,250,0.020883659673469585
70,260,0.020883659673469585
70,270,0.020883659673469585
70,280,0.020883659673469585
70,290,0.020883659673469585
70,300,0.020883659673469585
71,10,0.0010000000000000002
71,20,0.0010000000000000002
71,30,0.0010000000000000002
71,40,0.0010000000000000002
71,50,0.005840666666666676
71,60,0.005840666666666676
71,70,0.005840666666666676
71,80,0.005840666666666676
71,90,0.005840666666666676
71,100,0.005840666666666676
71,110,0.011254356321838795
71,120,0.011254356321838795
71,130,0.011254356321838795
71,140,0.011254356321838795
71,150,0.011254356321838795
71,160,0.015840666666666673
71,170,0.015840666666666673
71,180,0.015840666666666673
71,190,0.015840666666666673
71,200,0.015840666666666673
71,210,0.015840666666666673
71,220,0.015840666666666673
71,230,0.015840666666666673
71,240,0.015840666666666673
71,250,0.015840666666666673
71,260,0.015840666666666673
71,270,0.015840666666666673
71,280,0.015840666666666673
71,290,0.04204653372413657
71,300,0.04204653372413657
72,10,0.011254356321838795
72,20,0.011254356321838795
72,30,0.011437689655172124
72,40,0.011437689655172124
72,50,0.011437689655172124
72,60,0.01602400000000001
72,70,0.01602400000000001
72,80,0.01602400000000001
72,90,0.0422298670574699
72,100,0.0424643430574699
72,110,0.0424643430574699
72,120,0.0424643430574699
72,130,0.0424643430574699
72,140,0.0424643430574699
72,150,0.0424643430574699
72,160,0.0424643430574699
72,170,0.0424643430574699
72,180,0.0424643430574699
72,190,0.0424643430574699
72,200,0.0424643430574699
72,210,0.0424643430574699
72,220,0.0424643430574699
72,230,0.0424643430574699
72,240,0.0424643430574699
72,250,0.0424643430574699
72,260,0.0424643430574699
72,270,0.0424643430574699
72,280,0.0424643430574699
72,290,0.0424643430574699
72,300,0.0424643430574699
73,10,0.0010000000000000002
73,20,0.00641368965517212
73,30,0.04013992277834303
73,40,0.04013992277834303
73,50,0.04013992277834303
73,60,0.04013992277834303
73,70,0.04013992277834303
73,80,0.044726233123170915
73,90,0.044726233123170915
73,100,0.044726233123170915
73,110,0.044726233123170915
73,120,0.044726233123170915
73,130,0.044726233123170915
73,140,0.044726233123170915
73,150,0.044726233123170915
73,160,0.044726233123170915
73,170,0.044726233123170915
73,180,0.044726233123170915
73,190,0.044726233123170915
73,200,0.044726233123170915
73,210,0.044726233123170915
73,220,0.044726233123170915
73,230,0.044726233123170915
73,240,0.044726233123170915
73,250,0.044726233123170915
73,260,0.044726233123170915
73,270,0.044726233123170915
73,280,0.044726233123170915
73,290,0.044726233123170915
73,300,0.044726233123170915
74,10,0.00641368965517212
74,20,0.00641368965517212
74,30,0.011437689655172126
74,40,0.011437689655172126
74,50,0.011437689655172126
74,60,0.011437689655172126
74,70,0.011437689655172126
74,80,0.011437689655172126
74,90,0.011437689655172126
74,100,0.011437689655172124
74,110,0.011437689655172124
74,120,0.011437689655172124
74,130,0.01602400000000001
74,140,0.01602400000000001
74,150,0.01602400000000001
74,160,0.01602400000000001
74,170,0.01602400000000001
74,180,0.01602400000000001
74,190,0.01602400000000001
74,200,0.01602400000000001
74,210,0.01602400000000001
74,220,0.01602400000000001
74,230,0.01602400000000001
74,240,0.01602400000000001
74,250,0.01602400000000001
74,260,0.01602400000000001
74,270,0.01602400000000001
74,280,0.01602400000000001
74,290,0.01602400000000001
74,300,0.01602400000000001
75,10,0.0010000000000000002
75,20,0.011254356321838795
75,30,0.011254356321838795
75,40,0.011254356321838795
75,50,0.011254356321838795
75,60,0.011254356321838795
75,70,0.015840666666666673
75,80,0.015840666666666673
75,90,0.015840666666666673
75,100,0.015840666666666673
75,110,0.015840666666666673
75,120,0.015840666666666673
75,130,0.015840666666666673
75,140,0.015840666666666673
75,150,0.015840666666666673
75,160,0.015840666666666673
75,170,0.015840666666666673
75,180,0.016024000000000007
75,190,0.016024000000000007
75,200,0.016024000000000007
75,210,0.016024000000000007
75,220,0.016024000000000007
75,230,0.016024000000000007
75,240,0.016024000000000007
75,250,0.016024000000000007
75,260,0.016024000000000007
75,270,0.016024000000000007
75,280,0.016024000000000007
75,290,0.016024000000000007
75,300,0.016024000000000007
76,10,0.00641368965517212
76,20,0.00641368965517212
76,30,0.00641368965517212
76,40,0.00641368965517212
76,50,0.011254356321838795
76,60,0.011254356321838795
76,70,0.011254356321838795
76,80,0.011254356321838795
76,90,0.011254356321838795
76,100,0.011254356321838795
76,110,0.01625847600000001
76,120,0.01625847600000001
76,130,0.01625847600000001
76,140,0.01625847600000001
76,150,0.01625847600000001
76,160,0.01625847600000001
76,170,0.01625847600000001
76,180,0.01625847600000001
76,190,0.016258476000000015
76,200,0.016258476000000015
76,210,0.016258476000000015
76,220,0.016258476000000015
76,230,0.016258476000000015
76,240,0.016258476000000015
76,250,0.016258476000000015
76,260,0.016258476000000015
76,270,0.016258476000000015
76,280,0.016258476000000015
76,290,0.016258476000000015
76,300,0.016258476000000015
77,10,0.0010000000000000002
77,20,0.00641368965517212
77,30,0.00641368965517212
77,40,0.00641368965517212
77,50,0.00641368965517212
77,60,0.00641368965517212
77,70,0.00641368965517212
77,80,0.00641368965517212
77,90,0.00641368965517212
77,100,0.00641368965517212
77,110,0.00641368965517212
77,120,0.00641368965517212
77,130,0.011254356321838795
77,140,0.011254356321838795
77,150,0.011254356321838795
77,160,0.012087965655172115
77,170,0.012087965655172115
77,180,0.012087965655172115
77,190,0.016674275999999995
77,200,0.016674275999999995
77,210,0.016674275999999995
77,220,0.016674275999999995
77,230,0.016674275999999995
77,240,0.016674275999999995
77,250,0.016674275999999995
77,260,0.016674275999999995
77,270,0.016674275999999995
77,280,0.016674275999999995
77,290,0.016674275999999995
77,300,0.016674275999999995
78,10,0.0010000000000000002
78,20,0.0010000000000000002
78,30,0.0010000000000000002
78,40,0.0010000000000000002
78,50,0.0010000000000000002
78,60,0.0010000000000000002
78,70,0.00641368965517212
78,80,0.00641368965517212
78,90,0.011254356321838795
78,100,0.011437689655172124
78,110,0.037643556712642016
78,120,0.037643556712642016
78,130,0.037643556712642016
78,140,0.037643556712642016
78,150,0.037643556712642016
78,160,0.037643556712642016
78,170,0.037643556712642016
78,180,0.037643556712642016
78,190,0.037643556712642016
78,200,0.037643556712642016
78,210,0.037643556712642016
78,220,0.037643556712642016
78,230,0.037643556712642016
78,240,0.037643556712642016
78,250,0.037643556712642016
78,260,0.037643556712642016
78,270,0.037643556712642016
78,280,0.037643556712642016
78,290,0.037643556712642016
78,300,0.037643556712642016
79,10,0.0010000000000000002
79,20,0.00641368965517212
79,30,0.011254356321838795
79,40,0.011437689655172124
79,50,0.011437689655172124
79,60,0.011437689655172124
79,70,0.011437689655172124
79,80,0.011437689655172124
79,90,0.011437689655172124
79,100,0.011672165655172123
79,110,0.011672165655172123
79,120,0.011672165655172123
79,130,0.016258476000000008
79,140,0.016258476000000008
79,150,0.016258476000000008
79,160,0.016258476000000008
79,170,0.016258476000000008
79,180,0.016258476000000008
79,190,0.016258476000000008
79,200,0.016258476000000008
79,210,0.016258476000000008
79,220,0.016258476000000008
79,230,0.016258476000000008
79,240,0.016258476000000008
79,250,0.016258476000000008
79,260,0.016258476000000008
79,270,0.016258476000000008
79,280,0.016258476000000008
79,290,0.016258476000000008
79,300,0.016258476000000008
80,10,0.0010000000000000002
80,20,0.006024000000000007
80,30,0.006024000000000007
80,40,0.006024000000000007
80,50,0.006024000000000007
80,60,0.006024000000000007
80,70,0.006024000000000007
80,80,0.011437689655172124
80,90,0.011437689655172124
80,100,0.011437689655172124
80,110,0.011437689655172124
80,120,0.011437689655172124
80,130,0.011437689655172124
80,140,0.011437689655172124
80,150,0.016024000000000007
80,160,0.016024000000000007
80,170,0.016024000000000007
80,180,0.016024000000000007
80,190,0.016024000000000007
80,200,0.016024000000000007
80,210,0.016024000000000007
80,220,0.016024000000000007
80,230,0.016024000000000007
80,240,0.016024000000000007
80,250,0.016024000000000007
80,260,0.016258476000000004
80,270,0.016258476000000004
80,280,0.016258476000000004
80,290,0.016258476000000004
80,300,0.016258476000000008
81,10,0.0010000000000000002
81,20,0.006024000000000007
81,30,0.006024000000000007
81,40,0.011437689655172124
81,50,0.011672165655172123
81,60,0.016258476000000008
81,70,0.016258476000000008
81,80,0.016258476000000008
81,90,0.016258476000000008
81,100,0.016258476000000008
81,110,0.016258476000000008
81,120,0.016258476000000008
81,130,0.016258476000000008
81,140,0.016258476000000008
81,150,0.016258476000000008
81,160,0.016258476000000008
81,170,0.016258476000000008
81,180,0.016258476000000008
81,190,0.016258476000000008
81,200,0.016258476000000008
81,210,0.016258476000000008
81,220,0.016258476000000008
81,230,0.016258476000000008
81,240,0.016258476000000008
81,250,0.016258476000000008
81,260,0.016258476000000008
81,270,0.020883659673469585
81,280,0.020883659673469585
81,290,0.020883659673469585
81,300,0.020883659673469585
82,10,0.00641368965517212
82,20,0.01602400000000001
82,30,0.01602400000000001
82,40,0.01602400000000001
82,50,0.01602400000000001
82,60,0.01602400000000001
82,70,0.01602400000000001
82,80,0.01602400000000001
82,90,0.01602400000000001
82,100,0.01602400000000001
82,110,0.01602400000000001
82,120,0.01602400000000001
82,130,0.01602400000000001
82,140,0.01602400000000001
82,150,0.01602400000000001
82,160,0.017090076000000058
82,170,0.017090076000000058
82,180,0.017090076000000058
82,190,0.017090076000000058
82,200,0.04410423210884472
82,210,0.04410423210884472
82,220,0.04410423210884472
82,230,0.04410423210884472
82,240,0.04410423210884472
82,250,0.04410423210884472
82,260,0.04410423210884472
82,270,0.04410423210884472
82,280,0.04410423210884472
82,290,0.04410423210884472
82,300,0.04410423210884472
83,10,0.005840666666666676
83,20,0.011254356321838795
83,30,0.011254356321838795
83,40,0.011254356321838795
83,50,0.011254356321838795
83,60,0.011254356321838795
83,70,0.011254356321838795
83,80,0.011254356321838795
83,90,0.011254356321838795
83,100,0.011254356321838795
83,110,0.011254356321838795
83,120,0.011254356321838795
83,130,0.011254356321838795
83,140,0.011254356321838795
83,150,0.011254356321838795
83,160,0.011254356321838795
83,170,0.015840666666666673
83,180,0.016258476000000015
83,190,0.016258476000000015
83,200,0.016258476000000015
83,210,0.016258476000000015
83,220,0.016258476000000015
83,230,0.016258476000000015
83,240,0.016258476000000015
83,250,0.016258476000000015
83,260,0.016258476000000015
83,270,0.016258476000000015
83,280,0.016258476000000015
83,290,0.01625847600000001
83,300,0.01625847600000001
84,10,0.011000000000000003
84,20,0.011000000000000003
84,30,0.01602400000000001
84,40,0.01602400000000001
84,50,0.01602400000000001
84,60,0.01602400000000001
84,70,0.01602400000000001
84,80,0.01602400000000001
84,90,0.016024000000000007
84,100,0.016024000000000007
84,110,0.016024000000000007
84,120,0.016024000000000007
84,130,0.016258476000000004
84,140,0.016258476000000004
84,150,0.016258476000000004
84,160,0.016258476000000004
84,170,0.016258476000000008
84,180,0.016258476000000015
84,190,0.016258476000000015
84,200,0.016258476000000015
84,210,0.016258476000000015
84,220,0.016258476000000015
84,230,0.016258476000000015
84,240,0.016258476000000015
84,250,0.016258476000000015
84,260,0.016258476000000015
84,270,0.016258476000000015
84,280,0.016258476000000015
84,290,0.016258476000000015
84,300,0.016258476000000015
85,10,0.0010000000000000002
85,20,0.005840666666666676
85,30,0.006258476000000008
85,40,0.006258476000000008
85,50,0.011672165655172128
85,60,0.01625847600000001
85,70,0.01625847600000001
85,80,0.016258476000000008
85,90,0.016258476000000008
85,100,0.016258476000000008
85,110,0.016258476000000008
85,120,0.016258476000000008
85,130,0.016258476000000008
85,140,0.016258476000000008
85,150,0.016258476000000008
85,160,0.016258476000000008
85,170,0.020883659673469585
85,180,0.020883659673469585
85,190,0.020883659673469585
85,200,0.020883659673469585
85,210,0.020883659673469585
85,220,0.020883659673469585
85,230,0.020883659673469585
85,240,0.020883659673469585
85,250,0.020883659673469585
85,260,0.020883659673469585
85,270,0.047089526730939475
85,280,0.047089526730939475
85,290,0.047089526730939475
85,300,0.047089526730939475
86,10,0.011254356321838795
86,20,0.011254356321838795
86,30,0.011254356321838795
86,40,0.011254356321838795
86,50,0.011254356321838795
86,60,0.03746022337930868
86,70,0.03746022337930868
86,80,0.03746022337930868
86,90,0.04204653372413657
86,100,0.04204653372413657
86,110,0.04204653372413657
86,120,0.04204653372413657
86,130,0.04204653372413657
86,140,0.04204653372413657
86,150,0.04204653372413657
86,160,0.04204653372413657
86,170,0.04204653372413657
86,180,0.04204653372413657
86,190,0.04204653372413657
86,200,0.04204653372413657
86,210,0.04204653372413657
86,220,0.04204653372413657
86,230,0.04204653372413657
86,240,0.0422298670574699
86,250,0.0422298670574699
86,260,0.0422298670574699
86,270,0.0422298670574699
86,280,0.0422298670574699
86,290,0.0422298670574699
86,300,0.0422298670574699
87,10,0.0062584760000000085
87,20,0.011672165655172128
87,30,0.011672165655172128
87,40,0.011672165655172128
87,50,0.011672165655172128
87,60,0.011672165655172128
87,70,0.011672165655172128
87,80,0.011672165655172125
87,90,0.011672165655172125
87,100,0.011672165655172125
87,110,0.011672165655172125
87,120,0.011672165655172125
87,130,0.011672165655172125
87,140,0.011672165655172125
87,150,0.011672165655172125
87,160,0.011672165655172125
87,170,0.011672165655172125
87,180,0.011672165655172125
87,190,0.011672165655172125
87,200,0.011672165655172125
87,210,0.011672165655172125
87,220,0.011672165655172125
87,230,0.011672165655172127
87,240,0.011672165655172127
87,250,0.011672165655172127
87,260,0.016258476000000008
87,270,0.016258476000000008
87,280,0.016258476000000008
87,290,0.016258476000000008
87,300,0.016258476000000008
88,10,0.00641368965517212
88,20,0.00641368965517212
88,30,0.00641368965517212
88,40,0.00641368965517212
88,50,0.00641368965517212
88,60,0.00641368965517212
88,70,0.00641368965517212
88,80,0.011437689655172126
88,90,0.011437689655172126
88,100,0.011437689655172126
88,110,0.011437689655172124
88,120,0.011437689655172124
88,130,0.011437689655172124
88,140,0.011437689655172124
88,150,0.011437689655172124
88,160,0.011437689655172124
88,170,0.011437689655172124
88,180,0.011437689655172124
88,190,0.01602400000000001
88,200,0.01602400000000001
88,210,0.01602400000000001
88,220,0.01602400000000001
88,230,0.01602400000000001
88,240,0.01602400000000001
88,250,0.01602400000000001
88,260,0.01602400000000001
88,270,0.01602400000000001
88,280,0.01602400000000001
88,290,0.016258476000000015
88,300,0.016258476000000015
89,10,0.0010000000000000002
89,20,0.00641368965517212
89,30,0.00641368965517212
89,40,0.00641368965517212
89,50,0.011254356321838795
89,60,0.011254356321838795
89,70,0.011254356321838795
89,80,0.011254356321838795
89,90,0.011254356321838795
89,100,0.011437689655172124
89,110,0.011437689655172124
89,120,0.011437689655172124
89,130,0.011437689655172124
89,140,0.011437689655172124
89,150,0.011437689655172124
89,160,0.011437689655172124
89,170,0.011437689655172124
89,180,0.011437689655172124
89,190,0.011437689655172124
89,200,0.011437689655172124
89,210,0.011437689655172124
89,220,0.011437689655172126
89,230,0.011437689655172126
89,240,0.011437689655172126
89,250,0.011437689655172126
89,260,0.011437689655172126
89,270,0.011672165655172125
89,280,0.011672165655172125
89,290,0.011672165655172125
89,300,0.011672165655172125
90,10,0.0010000000000000002
90,20,0.00641368965517212
90,30,0.011254356321838795
90,40,0.011254356321838795
90,50,0.011254356321838795
90,60,0.011254356321838795
90,70,0.03746022337930868
90,80,0.03746022337930868
90,90,0.03746022337930868
90,100,0.03746022337930868
90,110,0.03746022337930868
90,120,0.03746022337930868
90,130,0.03746022337930868
90,140,0.03746022337930868
90,150,0.04204653372413657
90,160,0.04204653372413657
90,170,0.04204653372413657
90,180,0.04204653372413657
90,190,0.0424643430574699
90,200,0.0424643430574699
90,210,0.0424643430574699
90,220,0.0424643430574699
90,230,0.0424643430574699
90,240,0.0424643430574699
90,250,0.0424643430574699
90,260,0.0424643430574699
90,270,0.0424643430574699
90,280,0.0424643430574699
90,290,0.0424643430574699
90,300,0.0424643430574699
91,10,0.0010000000000000002
91,20,0.03863606648275689
91,30,0.04322237682758477
91,40,0.04322237682758477
91,50,0.04322237682758477
91,60,0.04322237682758477
91,70,0.04322237682758477
91,80,0.04322237682758477
91,90,0.04322237682758477
91,100,0.04322237682758477
91,110,0.04322237682758477
91,120,0.04322237682758477
91,130,0.04322237682758477
91,140,0.04322237682758477
91,150,0.04322237682758477
91,160,0.04322237682758477
91,170,0.04322237682758477
91,180,0.04322237682758477
91,190,0.04322237682758477
91,200,0.04784756050105435
91,210,0.04784756050105435
91,220,0.04784756050105435
91,230,0.04784756050105435
91,240,0.04784756050105435
91,250,0.04784756050105435
91,260,0.04784756050105435
91,270,0.04784756050105435
91,280,0.04784756050105435
91,290,0.04784756050105435
91,300,0.04784756050105435
92,10,0.011000000000000001
92,20,0.016674275999999995
92,30,0.016674275999999995
92,40,0.016674275999999995
92,50,0.016674275999999995
92,60,0.016674275999999995
92,70,0.016674275999999995
92,80,0.016674275999999995
92,90,0.016674275999999995
92,100,0.016674275999999995
92,110,0.016674275999999995
92,120,0.016674275999999995
92,130,0.016674275999999995
92,140,0.016674275999999995
92,150,0.016674275999999995
92,160,0.016674275999999995
92,170,0.016674275999999995
92,180,0.016674275999999995
92,190,0.016674275999999995
92,200,0.016674275999999995
92,210,0.016674275999999995
92,220,0.016674275999999995
92,230,0.016674275999999995
92,240,0.016674275999999995
92,250,0.016674275999999995
92,260,0.016674275999999995
92,270,0.016674275999999995
92,280,0.016674275999999995
92,290,0.016674275999999995
92,300,0.016674275999999995
93,10,0.005840666666666676
93,20,0.005840666666666676
93,30,0.011254356321838795
93,40,0.011254356321838795
93,50,0.011254356321838795
93,60,0.011254356321838795
93,70,0.011254356321838795
93,80,0.011254356321838795
93,90,0.011254356321838795
93,100,0.011254356321838795
93,110,0.012087965655172115
93,120,0.012087965655172115
93,130,0.012087965655172115
93,140,0.012087965655172115
93,150,0.012087965655172115
93,160,0.012087965655172115
93,170,0.012087965655172115
93,180,0.012087965655172115
93,190,0.012087965655172115
93,200,0.012087965655172115
93,210,0.012087965655172114
93,220,0.012087965655172114
93,230,0.012087965655172114
93,240,0.012087965655172114
93,250,0.012087965655172114
93,260,0.012087965655172114
93,270,0.012087965655172114
93,280,0.012087965655172114
93,290,0.012087965655172114
93,300,0.012919565655172157
94,10,0.0010000000000000002
94,20,0.0010000000000000002
94,30,0.0010000000000000002
94,40,0.0010000000000000002
94,50,0.00641368965517212
94,60,0.00641368965517212
94,70,0.00641368965517212
94,80,0.00641368965517212
94,90,0.00641368965517212
94,100,0.03863606648275689
94,110,0.03863606648275689
94,120,0.03863606648275689
94,130,0.03863606648275689
94,140,0.03863606648275689
94,150,0.03863606648275689
94,160,0.03863606648275689
94,170,0.038870542482756884
94,180,0.038870542482756884
94,190,0.038870542482756884
94,200,0.038870542482756884
94,210,0.038870542482756884
94,220,0.038870542482756884
94,230,0.038870542482756884
94,240,0.038870542482756884
94,250,0.038870542482756884
94,260,0.038870542482756884
94,270,0.038870542482756884
94,280,0.038870542482756884
94,290,0.038870542482756884
94,300,0.038870542482756884
95,10,0.00641368965517212
95,20,0.00641368965517212
95,30,0.00641368965517212
95,40,0.00641368965517212
95,50,0.00641368965517212
95,60,0.00641368965517212
95,70,0.015840666666666673
95,80,0.016024000000000007
95,90,0.016024000000000007
95,100,0.016024000000000007
95,110,0.016024000000000007
95,120,0.016024000000000007
95,130,0.01625847600000001
95,140,0.01625847600000001
95,150,0.01625847600000001
95,160,0.01625847600000001
95,170,0.01625847600000001
95,180,0.01625847600000001
95,190,0.016258476000000015
95,200,0.016258476000000015
95,210,0.016258476000000015
95,220,0.016258476000000015
95,230,0.016258476000000015
95,240,0.016674275999999995
95,250,0.016674275999999995
95,260,0.016674275999999995
95,270,0.016674275999999995
95,280,0.016674275999999995
95,290,0.016674275999999995
95,300,0.016674275999999995
96,10,0.011000000000000001
96,20,0.011000000000000001
96,30,0.011000000000000001
96,40,0.011000000000000001
96,50,0.016674275999999995
96,60,0.016674275999999995
96,70,0.016674275999999995
96,80,0.016674275999999995
96,90,0.016674275999999995
96,100,0.016674275999999995
96,110,0.016674275999999995
96,120,0.016674275999999995
96,130,0.016674275999999995
96,140,0.016674275999999995
96,150,0.016674275999999995
96,160,0.016674275999999995
96,170,0.016674275999999995
96,180,0.016674275999999995
96,190,0.016674275999999995
96,200,0.016674275999999995
96,210,0.016674275999999995
96,220,0.016674275999999995
96,230,0.016674275999999995
96,240,0.016674275999999995
96,250,0.016674275999999995
96,260,0.016674275999999995
96,270,0.016674275999999995
96,280,0.016674275999999995
96,290,0.016674275999999995
96,300,0.02129945967346957
97,10,0.011000000000000003
97,20,0.011000000000000003
97,30,0.011000000000000003
97,40,0.011000000000000003
97,50,0.01602400000000001
97,60,0.01602400000000001
97,70,0.01602400000000001
97,80,0.01602400000000001
97,90,0.01602400000000001
97,100,0.016024000000000007
97,110,0.016024000000000007
97,120,0.016258476000000004
97,130,0.016258476000000004
97,140,0.016258476000000004
97,150,0.016258476000000004
97,160,0.016258476000000004
97,170,0.016258476000000004
97,180,0.016258476000000004
97,190,0.016258476000000004
97,200,0.016258476000000004
97,210,0.016258476000000004
97,220,0.016258476000000004
97,230,0.016258476000000008
97,240,0.016258476000000008
97,250,0.016258476000000008
97,260,0.016258476000000008
97,270,0.016258476000000015
97,280,0.016258476000000015
97,290,0.016258476000000015
97,300,0.016258476000000015
98,10,0.0010000000000000002
98,20,0.0010000000000000002
98,30,0.00641368965517212
98,40,0.011437689655172124
98,50,0.011437689655172124
98,60,0.01208796565517211
98,70,0.01208796565517211
98,80,0.01208796565517211
98,90,0.01208796565517211
98,100,0.01208796565517211
98,110,0.01208796565517211
98,120,0.016674275999999995
98,130,0.016674275999999995
98,140,0.016674275999999995
98,150,0.016674275999999995
98,160,0.016674275999999995
98,170,0.016674275999999995
98,180,0.02129945967346957
98,190,0.02129945967346957
98,200,0.02129945967346957
98,210,0.02129945967346957
98,220,0.02129945967346957
98,230,0.02129945967346957
98,240,0.02129945967346957
98,250,0.02129945967346957
98,260,0.02129945967346957
98,270,0.02129945967346957
98,280,0.02129945967346957
98,290,0.02129945967346957
98,300,0.02129945967346957
99,10,0.016674275999999995
99,20,0.016674275999999995
99,30,0.016674275999999995
99,40,0.016674275999999995
99,50,0.016674275999999995
99,60,0.016674275999999995
99,70,0.016674275999999995
99,80,0.016674275999999995
99,90,0.016674275999999995
99,100,0.016674275999999995
99,110,0.016674275999999995
99,120,0.016674275999999995
99,130,0.016674275999999995
99,140,0.016674275999999995
99,150,0.016674275999999995
99,160,0.016674275999999995
99,170,0.016674275999999995
99,180,0.016674275999999995
99,190,0.016674275999999995
99,200,0.016674275999999995
99,210,0.016674275999999995
99,220,0.016674275999999995
99,230,0.016674275999999995
99,240,0.016674275999999995
99,250,0.016674275999999995
99,260,0.016674275999999995
99,270,0.016674275999999995
99,280,0.016674275999999995
99,290,0.017090076000000058
99,300,0.017090076000000058
100,10,0.006024000000000007
100,20,0.006024000000000007
100,30,0.006024000000000007
100,40,0.006024000000000007
100,50,0.01602400000000001
100,60,0.016024000000000007
100,70,0.016024000000000007
100,80,0.016024000000000007
100,90,0.016024000000000007
100,100,0.016024000000000007
100,110,0.016024000000000007
100,120,0.016024000000000007
100,130,0.016024000000000007
100,140,0.016024000000000007
100,150,0.01602400000000001
100,160,0.01602400000000001
100,170,0.01602400000000001
100,180,0.01602400000000001
100,190,0.01602400000000001
100,200,0.01602400000000001
100,210,0.01602400000000001
100,220,0.01602400000000001
100,230,0.020649183673469587
100,240,0.020649183673469587
100,250,0.020649183673469587
100,260,0.020649183673469587
100,270,0.020649183673469587
100,280,0.020649183673469587
100,290,0.04685505073093948
100,300,0.04685505073093948
