HV,front_sat,front_raw,front_variables
mean:0.12369583207639089,,,
0.178520788233286,"[[0.0, 0.720371757925071], [0.0, 0.0], [0.0, 0.0], [0.0, 0.0], [0.9648361244077887, 0.0], [0.0, 0.0], [0.0, 0.0], [0.0, 0.0], [0.0, 0.0], [0.0, 0.0]]","[[467442.4, 97.207382], [649164.6, 69.657943], [1651931.8, 25.420098], [1609035.8, 25.518315], [1658928.2, 25.343411], [684705.8, 25.9348], [690215.4, 25.853763], [704497.2, 25.559224], [1613225.0, 25.474402], [703473.2, 25.562307]]","[[0, 1, 0, 0, 0, 1, 0, 0, 0, 9, 4, 18], [0, 1, 0, 0, 0, 1, 0, 0, 1, 8, 2, 18], [0, 1, 0, 0, 0, 1, 0, 0, 1, 9, 1, 6], [0, 1, 0, 0, 0, 1, 0, 0, 0, 9, 1, 2], [1, 1, 0, 0, 0, 1, 0, 0, 1, 8, 1, 18], [0, 1, 0, 0, 0, 1, 0, 0, 1, 7, 1, 2], [1, 1, 0, 0, 0, 1, 0, 0, 0, 7, 4, 2], [1, 1, 0, 0, 0, 1, 0, 0, 0, 5, 1, 18], [1, 1, 0, 0, 0, 1, 0, 0, 0, 9, 1, 2], [0, 1, 0, 0, 0, 1, 0, 1, 0, 7, 1, 18]]"
0.10648361244077886,"[[0.0, 0.0], [0.03193465835081181, 0.0], [0.0, 0.0], [0.0, 0.0], [0.0, 0.0], [0.9648361244077887, 0.0], [0.0, 0.0], [0.0, 0.0], [0.0, 0.0], [0.0, 0.0]]","[[266189.0, 70.269359], [1654141.2, 25.431587], [85778.2, 95.321309], [695438.0, 25.782029], [268103.0, 69.984186], [1658928.2, 25.343411], [395287.2, 26.021691], [288546.8, 27.074028], [713928.4, 25.689287], [292126.8, 26.622435]]","[[0, 1, 0, 0, 0, 1, 0, 1, 0, 5, 2, 18], [0, 1, 0, 0, 0, 1, 0, 0, 0, 8, 2, 6], [0, 1, 0, 0, 0, 0, 1, 1, 1, 7, 4, 18], [0, 1, 0, 0, 0, 1, 0, 0, 0, 7, 4, 6], [1, 1, 0, 0, 0, 1, 0, 1, 0, 5, 2, 18], [1, 1, 0, 0, 0, 1, 0, 0, 1, 8, 1, 18], [0, 1, 0, 0, 0, 0, 1, 0, 0, 8, 1, 18], [0, 1, 0, 0, 0, 0, 1, 0, 0, 7, 2, 2], [1, 1, 0, 0, 0, 1, 0, 1, 1, 7, 3, 6], [1, 1, 0, 0, 0, 0, 1, 0, 0, 7, 4, 6]]"
0.13823860234219634,"[[0.0, 0.0], [0.0, 0.0], [0.0, 0.0], [0.0, 0.0], [0.0, 0.0], [0.014379178102229178, 0.0], [0.0, 0.755709221902019], [0.3941271310891766, 0.0], [0.0, 0.8882588923327868], [0.0, 0.0]]","[[707099.8, 25.557865], [694963.4, 25.724443], [1608304.8, 25.512464], [685071.6, 25.807076], [698446.4, 25.702842], [1653487.0, 25.427091], [466346.6, 97.330003], [1656561.8, 25.33363], [192349.0, 97.733959], [65696.0, 93.900853]]","[[0, 1, 0, 0, 0, 1, 0, 0, 0, 5, 1, 18], [0, 1, 0, 0, 0, 1, 0, 1, 1, 7, 4, 6], [0, 1, 0, 0, 0, 1, 0, 0, 0, 8, 2, 2], [0, 1, 0, 0, 0, 1, 0, 0, 1, 6, 1, 2], [1, 1, 0, 0, 0, 1, 0, 0, 1, 7, 2, 6], [0, 1, 0, 0, 0, 1, 0, 0, 0, 9, 2, 6], [0, 1, 0, 0, 0, 1, 0, 1, 0, 9, 4, 18], [0, 1, 0, 0, 0, 1, 0, 0, 1, 9, 1, 18], [0, 1, 0, 0, 0, 1, 0, 0, 1, 6, 4, 18], [1, 1, 0, 0, 0, 1, 0, 0, 1, 1, 3, 18]]"
0.11942933300818331,"[[0.0, 0.0], [0.0, 0.0], [0.042190102936740276, 0.0], [0.0, 0.7491492795389032], [0.0, 0.0], [0.0, 0.0], [0.3451440505429299, 0.0], [0.0, 0.0], [0.0, 0.0], [0.0, 0.0]]","[[480757.2, 94.315263], [650686.6, 69.65311], [1654404.6, 25.437979], [193713.2, 97.30724], [1608304.8, 25.512464], [649841.8, 69.822623], [1656504.6, 25.402661], [684469.4, 25.814483], [698106.0, 25.706437], [198846.4, 94.387117]]","[[0, 1, 0, 0, 0, 1, 0, 1, 0, 9, 3, 18], [0, 1, 0, 0, 0, 1, 0, 1, 1, 9, 2, 18], [0, 1, 0, 0, 0, 1, 0, 0, 1, 9, 3, 6], [1, 1, 0, 0, 0, 1, 0, 0, 0, 5, 4, 18], [0, 1, 0, 0, 0, 1, 0, 0, 0, 8, 2, 2], [0, 1, 0, 0, 0, 1, 0, 1, 0, 8, 2, 18], [1, 1, 0, 0, 0, 1, 0, 0, 0, 9, 3, 6], [0, 1, 0, 0, 0, 1, 0, 0, 1, 6, 3, 2], [1, 1, 0, 0, 0, 1, 0, 0, 1, 7, 1, 6], [0, 1, 0, 0, 0, 1, 0, 1, 0, 5, 3, 18]]"
0.17075186033348333,"[[0.0, 0.6668123919308349], [0.0, 0.0], [0.8518093814328141, 0.0], [0.0, 0.0], [0.0, 0.755709221902019], [0.0, 0.0], [0.0, 0.0], [0.0, 0.0], [0.0, 0.0], [0.0, 0.0]]","[[469214.0, 97.021531], [650888.8, 69.702591], [1657137.2, 25.397579], [483612.6, 94.298684], [466346.6, 97.330003], [1608254.8, 25.526298], [690107.6, 25.857529], [698535.2, 25.70037], [1612700.2, 25.471767], [1650529.0, 25.405164]]","[[1, 1, 0, 0, 0, 1, 0, 0, 1, 9, 4, 18], [0, 1, 0, 0, 0, 1, 0, 0, 0, 8, 2, 18], [1, 1, 0, 0, 0, 1, 0, 0, 0, 8, 4, 6], [0, 1, 0, 0, 0, 1, 0, 0, 1, 8, 3, 18], [0, 1, 0, 0, 0, 1, 0, 1, 0, 9, 4, 18], [0, 1, 0, 0, 0, 1, 0, 0, 1, 8, 3, 2], [1, 1, 0, 0, 0, 1, 0, 0, 0, 7, 2, 2], [1, 1, 0, 0, 0, 1, 0, 0, 1, 7, 4, 6], [1, 1, 0, 0, 0, 1, 0, 0, 1, 9, 2, 2], [0, 1, 0, 0, 0, 1, 0, 1, 0, 9, 3, 6]]"
0.010000000000000002,"[[0.0, 0.0], [0.0, 0.0], [0.0, 0.0], [0.0, 0.0], [0.0, 0.0], [0.0, 0.0], [0.0, 0.0], [0.0, 0.0], [0.0, 0.0], [0.0, 0.0]]","[[694771.2, 25.722026], [694643.4, 25.774078], [1652300.6, 25.406776], [698678.2, 25.703391], [694491.0, 25.782789], [713928.4, 25.689287], [397121.0, 25.99927], [292346.4, 26.803159], [199345.8, 94.421006], [685274.8, 25.968257]]","[[0, 1, 0, 0, 0, 1, 0, 1, 1, 7, 3, 6], [0, 1, 0, 0, 0, 1, 0, 0, 1, 7, 4, 6], [0, 1, 0, 0, 0, 1, 0, 1, 1, 8, 3, 6], [1, 1, 0, 0, 0, 1, 0, 0, 1, 7, 3, 6], [0, 1, 0, 0, 0, 1, 0, 0, 1, 7, 3, 6], [1, 1, 0, 0, 0, 1, 0, 1, 1, 7, 3, 6], [1, 1, 0, 0, 0, 0, 1, 0, 0, 8, 4, 18], [1, 1, 0, 0, 0, 0, 1, 0, 0, 8, 4, 2], [0, 1, 0, 0, 0, 1, 0, 0, 0, 6, 3, 18], [0, 1, 0, 0, 0, 1, 0, 0, 0, 7, 2, 2]]"
0.018911568275050434,"[[0.0, 0.0], [0.0, 0.0], [0.0, 0.0], [0.0, 0.0], [0.0, 0.0], [0.08911568275050433, 0.0], [0.0, 0.0], [0.0, 0.0], [0.0, 0.0], [0.0, 0.0]]","[[264024.8, 70.320937], [1652155.8, 25.427185], [65696.0, 93.900853], [685216.8, 25.762234], [1612206.6, 25.48083], [1655481.0, 25.367717], [287631.0, 26.733778], [699155.2, 25.699026], [291589.8, 26.473653], [290129.8, 26.554996]]","[[0, 1, 0, 0, 0, 1, 0, 0, 0, 6, 2, 18], [0, 1, 0, 0, 0, 1, 0, 0, 1, 9, 4, 6], [1, 1, 0, 0, 0, 1, 0, 0, 1, 1, 3, 18], [0, 1, 0, 0, 0, 1, 0, 1, 1, 7, 2, 2], [1, 1, 0, 0, 0, 1, 0, 0, 1, 9, 4, 2], [1, 1, 0, 0, 0, 1, 0, 1, 0, 9, 2, 6], [0, 1, 0, 0, 0, 0, 1, 0, 0, 9, 3, 6], [1, 1, 0, 0, 0, 1, 0, 0, 0, 7, 3, 6], [1, 1, 0, 0, 0, 0, 1, 1, 0, 7, 4, 2], [1, 1, 0, 0, 0, 0, 1, 1, 0, 9, 4, 2]]"
0.09775154598340433,"[[0.0, 0.0], [0.014379178102229178, 0.0], [0.0, 0.7696801152737771], [0.0, 0.0], [0.10783534456026617, 0.0], [0.0, 0.0], [0.0, 0.0], [0.0, 0.0], [0.0, 0.0], [0.0, 0.0]]","[[485908.0, 94.220394], [1653487.0, 25.427091], [193199.6, 97.378482], [694018.6, 25.72696], [1655910.4, 25.39959], [1607677.0, 25.437457], [705078.6, 25.554025], [698535.2, 25.70037], [696694.4, 25.710681], [694963.4, 25.724443]]","[[1, 1, 0, 0, 0, 1, 0, 0, 1, 9, 3, 18], [0, 1, 0, 0, 0, 1, 0, 0, 0, 9, 2, 6], [0, 1, 0, 0, 0, 1, 0, 1, 1, 5, 4, 18], [0, 1, 0, 0, 0, 1, 0, 0, 1, 6, 4, 6], [1, 1, 0, 0, 0, 1, 0, 0, 1, 9, 3, 6], [0, 1, 0, 0, 0, 1, 0, 1, 1, 9, 3, 2], [1, 1, 0, 0, 0, 1, 0, 0, 1, 5, 1, 18], [1, 1, 0, 0, 0, 1, 0, 0, 1, 7, 4, 6], [1, 1, 0, 0, 0, 1, 0, 1, 0, 7, 4, 6], [0, 1, 0, 0, 0, 1, 0, 1, 1, 7, 4, 6]]"
0.1533216441683344,"[[0.0, 0.7198429394812671], [0.713373502202077, 0.0], [0.0, 0.0], [0.0, 0.0], [0.0, 0.0], [0.0, 0.0], [0.0, 0.0], [0.0, 0.0], [0.0, 0.0], [0.0, 0.0]]","[[469165.6, 97.205547], [1656934.6, 25.395156], [685274.8, 25.968257], [1606921.2, 25.430054], [709658.4, 25.554949], [695095.8, 25.715762], [703829.0, 25.575858], [1651879.0, 25.397775], [697605.4, 25.614544], [707075.8, 25.569241]]","[[1, 1, 0, 0, 0, 1, 0, 1, 1, 9, 4, 18], [1, 1, 0, 0, 0, 1, 0, 0, 1, 8, 3, 6], [0, 1, 0, 0, 0, 1, 0, 0, 0, 7, 2, 2], [0, 1, 0, 0, 0, 1, 0, 1, 1, 9, 4, 2], [0, 1, 0, 0, 0, 1, 0, 0, 1, 7, 1, 18], [0, 1, 0, 0, 0, 1, 0, 1, 0, 7, 2, 6], [0, 1, 0, 0, 0, 1, 0, 1, 1, 7, 1, 18], [0, 1, 0, 0, 0, 1, 0, 1, 0, 8, 1, 6], [1, 1, 0, 0, 0, 1, 0, 0, 0, 4, 4, 6], [1, 1, 0, 0, 0, 1, 0, 0, 1, 7, 1, 18]]"
0.1840068273765601,"[[0.0, 0.8882588923327868], [0.014550922329666205, 0.0], [0.0, 0.0], [0.0, 0.0], [0.0, 0.0], [0.0, 0.0], [0.8518093814328141, 0.0], [0.0, 0.0], [0.0, 0.0], [0.0, 0.0]]","[[192349.0, 97.733959], [1653493.4, 25.426993], [266848.6, 70.072933], [199837.8, 94.398903], [684612.4, 25.783617], [395287.2, 26.021691], [1657137.2, 25.397579], [286781.0, 27.109016], [694963.4, 25.724443], [290310.2, 26.649018]]","[[0, 1, 0, 0, 0, 1, 0, 0, 1, 6, 4, 18], [0, 1, 0, 0, 0, 1, 0, 0, 0, 8, 4, 6], [1, 1, 0, 0, 0, 1, 0, 1, 1, 5, 2, 18], [0, 1, 0, 0, 0, 1, 0, 0, 0, 5, 3, 18], [0, 1, 0, 0, 0, 1, 0, 0, 0, 6, 1, 2], [0, 1, 0, 0, 0, 0, 1, 0, 0, 8, 1, 18], [1, 1, 0, 0, 0, 1, 0, 0, 0, 8, 4, 6], [0, 1, 0, 0, 0, 0, 1, 0, 0, 8, 4, 2], [0, 1, 0, 0, 0, 1, 0, 1, 1, 7, 4, 6], [1, 1, 0, 0, 0, 0, 1, 0, 0, 8, 4, 6]]"
0.10115079675381394,"[[0.0, 0.7376334293948128], [0.1738745381433266, 0.0], [0.0, 0.0], [0.0, 0.0], [0.0, 0.0], [0.0, 0.0], [0.0, 0.0], [0.0, 0.0], [0.0, 0.0], [0.10783534456026617, 0.0]]","[[466690.6, 97.26728], [1656304.6, 25.397941], [484260.2, 94.31775], [684732.2, 25.950708], [1615141.2, 25.419497], [696440.4, 25.675617], [703982.0, 25.501006], [689530.2, 25.72077], [697835.2, 25.624109], [1655910.4, 25.39959]]","[[0, 1, 0, 0, 0, 1, 0, 0, 1, 8, 4, 18], [1, 1, 0, 0, 0, 1, 0, 0, 0, 9, 4, 6], [1, 1, 0, 0, 0, 1, 0, 1, 1, 8, 3, 18], [0, 1, 0, 0, 0, 1, 0, 0, 0, 7, 3, 2], [0, 1, 0, 0, 0, 1, 0, 1, 0, 9, 4, 2], [1, 1, 0, 0, 0, 1, 0, 1, 0, 6, 3, 6], [1, 1, 0, 0, 0, 1, 0, 1, 0, 4, 1, 18], [1, 1, 0, 0, 0, 1, 0, 0, 0, 6, 3, 2], [1, 1, 0, 0, 0, 1, 0, 0, 0, 4, 3, 6], [1, 1, 0, 0, 0, 1, 0, 0, 1, 9, 3, 6]]"
0.02078353445602662,"[[0.0, 0.0], [0.042190102936740276, 0.0], [0.0, 0.0], [0.0, 0.0], [0.0, 0.0], [0.0, 0.0], [0.0, 0.0], [0.0, 0.0], [0.0, 0.0], [0.10783534456026617, 0.0]]","[[266417.2, 70.244177], [1654404.6, 25.437979], [66794.6, 93.007571], [684754.6, 25.829098], [1612206.6, 25.48083], [288136.2, 27.08775], [266962.0, 69.926119], [394973.4, 26.023347], [264234.2, 70.305661], [1655910.4, 25.39959]]","[[0, 1, 0, 0, 0, 1, 0, 1, 1, 6, 2, 18], [0, 1, 0, 0, 0, 1, 0, 0, 1, 9, 3, 6], [1, 1, 0, 0, 0, 1, 0, 1, 0, 3, 4, 18], [0, 1, 0, 0, 0, 1, 0, 0, 1, 6, 2, 2], [1, 1, 0, 0, 0, 1, 0, 0, 1, 9, 4, 2], [0, 1, 0, 0, 0, 0, 1, 0, 1, 7, 4, 2], [1, 1, 0, 0, 0, 1, 0, 1, 0, 6, 2, 18], [0, 1, 0, 0, 0, 0, 1, 0, 1, 8, 1, 18], [0, 1, 0, 0, 0, 1, 0, 1, 1, 5, 2, 18], [1, 1, 0, 0, 0, 1, 0, 0, 1, 9, 3, 6]]"
0.10074604135409625,"[[0.0, 0.0], [0.0, 0.0], [0.0, 0.0], [0.0, 0.0], [0.0, 0.0], [0.08905464985219988, 0.0], [0.0, 0.0], [0.0, 0.0], [0.0, 0.0], [0.0, 0.8184057636887625]]","[[1609600.8, 25.412592], [694029.8, 25.712084], [684838.4, 25.815535], [704712.0, 25.559224], [697041.4, 25.659942], [1655479.6, 25.388594], [1652300.6, 25.406776], [707099.8, 25.557865], [684732.2, 25.950708], [465039.0, 97.54756]]","[[1, 1, 0, 0, 0, 1, 0, 1, 0, 9, 4, 2], [0, 1, 0, 0, 0, 1, 0, 0, 0, 5, 2, 6], [0, 1, 0, 0, 0, 1, 0, 0, 0, 6, 2, 2], [1, 1, 0, 0, 0, 1, 0, 0, 0, 6, 1, 18], [1, 1, 0, 0, 0, 1, 0, 0, 1, 5, 4, 6], [1, 1, 0, 0, 0, 1, 0, 1, 0, 9, 1, 6], [0, 1, 0, 0, 0, 1, 0, 1, 1, 8, 3, 6], [0, 1, 0, 0, 0, 1, 0, 0, 0, 5, 1, 18], [0, 1, 0, 0, 0, 1, 0, 0, 0, 7, 3, 2], [0, 1, 0, 0, 0, 1, 0, 0, 1, 9, 4, 18]]"
0.18076217429964722,"[[0.0, 0.7491492795389032], [0.014550922329666205, 0.0], [0.0, 0.0], [0.0, 0.0], [0.0, 0.0], [0.0, 0.8139463976945268], [0.0, 0.0], [0.8936753453019453, 0.0], [0.0, 0.0], [0.8763584618444641, 0.0]]","[[193713.2, 97.30724], [1653493.4, 25.426993], [198846.4, 94.387117], [704292.0, 25.546254], [698106.0, 25.706437], [193506.4, 97.532086], [485908.0, 94.220394], [1657800.6, 25.398637], [200486.8, 94.10925], [1657526.2, 25.393675]]","[[1, 1, 0, 0, 0, 1, 0, 0, 0, 5, 4, 18], [0, 1, 0, 0, 0, 1, 0, 0, 0, 8, 4, 6], [0, 1, 0, 0, 0, 1, 0, 1, 0, 5, 3, 18], [1, 1, 0, 0, 0, 1, 0, 1, 0, 5, 1, 18], [1, 1, 0, 0, 0, 1, 0, 0, 1, 7, 1, 6], [0, 1, 0, 0, 0, 1, 0, 1, 0, 5, 4, 18], [1, 1, 0, 0, 0, 1, 0, 0, 1, 9, 3, 18], [1, 1, 0, 0, 0, 1, 0, 0, 0, 8, 3, 6], [1, 1, 0, 0, 0, 1, 0, 1, 1, 5, 3, 18], [1, 1, 0, 0, 0, 1, 0, 0, 1, 8, 2, 6]]"
0.09936753453019453,"[[0.0, 0.0], [0.014550922329666205, 0.0], [0.0, 0.0], [0.0, 0.0], [0.8936753453019453, 0.0], [0.0, 0.0], [0.0, 0.0], [0.0, 0.0], [0.0, 0.0], [0.0, 0.0]]","[[484620.2, 94.333579], [1653493.4, 25.426993], [38362.2, 95.415061], [695438.0, 25.782029], [1657800.6, 25.398637], [482264.0, 94.373921], [705081.6, 25.526591], [698498.6, 25.702616], [702958.4, 25.542262], [705362.0, 25.516034]]","[[0, 1, 0, 0, 0, 1, 0, 1, 1, 8, 3, 18], [0, 1, 0, 0, 0, 1, 0, 0, 0, 8, 4, 6], [0, 1, 0, 0, 0, 0, 1, 0, 1, 5, 4, 6], [0, 1, 0, 0, 0, 1, 0, 0, 0, 7, 4, 6], [1, 1, 0, 0, 0, 1, 0, 0, 0, 8, 3, 6], [0, 1, 0, 0, 0, 1, 0, 0, 0, 8, 3, 18], [1, 1, 0, 0, 0, 1, 0, 0, 1, 4, 1, 18], [1, 1, 0, 0, 0, 1, 0, 0, 0, 7, 4, 6], [0, 1, 0, 0, 0, 1, 0, 0, 0, 4, 1, 18], [1, 1, 0, 0, 0, 1, 0, 1, 1, 4, 1, 18]]"
0.16863739347469353,"[[0.0, 0.734564553314121], [0.0, 0.0], [0.8518093814328141, 0.0], [0.0, 0.0], [0.0, 0.0], [0.0, 0.0], [0.0, 0.0], [0.0, 0.0], [0.0, 0.0], [0.062339678364017714, 0.0]]","[[467478.6, 97.256631], [651128.0, 69.552404], [1657137.2, 25.397579], [485356.2, 94.219912], [1608132.8, 25.435003], [689944.4, 25.850581], [706845.0, 25.555843], [695789.0, 25.780126], [1651275.2, 25.426656], [1654866.8, 25.405103]]","[[0, 1, 0, 0, 0, 1, 0, 1, 1, 8, 4, 18], [1, 1, 0, 0, 0, 1, 0, 0, 1, 8, 2, 18], [1, 1, 0, 0, 0, 1, 0, 0, 0, 8, 4, 6], [1, 1, 0, 0, 0, 1, 0, 1, 1, 9, 3, 18], [0, 1, 0, 0, 0, 1, 0, 1, 0, 8, 1, 2], [1, 1, 0, 0, 0, 1, 0, 0, 0, 7, 3, 2], [1, 1, 0, 0, 0, 1, 0, 1, 1, 7, 1, 18], [0, 1, 0, 0, 0, 1, 0, 0, 0, 7, 2, 6], [0, 1, 0, 0, 0, 1, 0, 0, 1, 9, 2, 6], [1, 1, 0, 0, 0, 1, 0, 0, 1, 8, 4, 6]]"
0.11434650021467134,"[[0.35507768226198727, 0.0], [0.3451440505429299, 0.0], [0.0, 0.0], [0.0, 0.0], [0.0, 0.688387319884726], [0.0, 0.6668123919308349], [0.0, 0.0], [0.0, 0.0], [0.0, 0.0], [0.0, 0.5711037463976927]]","[[1656516.2, 25.399984], [1656504.6, 25.402661], [1651822.2, 25.426973], [697720.2, 25.654889], [194200.6, 97.096396], [469214.0, 97.021531], [697295.6, 25.659849], [698382.6, 25.607305], [695302.2, 25.714315], [195079.0, 96.689422]]","[[1, 1, 0, 0, 0, 1, 0, 0, 0, 9, 2, 6], [1, 1, 0, 0, 0, 1, 0, 0, 0, 9, 3, 6], [0, 1, 0, 0, 0, 1, 0, 0, 0, 9, 3, 6], [1, 1, 0, 0, 0, 1, 0, 0, 1, 6, 4, 6], [1, 1, 0, 0, 0, 1, 0, 1, 1, 4, 4, 18], [1, 1, 0, 0, 0, 1, 0, 0, 1, 9, 4, 18], [1, 1, 0, 0, 0, 1, 0, 0, 0, 6, 2, 6], [1, 1, 0, 0, 0, 1, 0, 0, 0, 4, 1, 6], [0, 1, 0, 0, 0, 1, 0, 1, 0, 7, 3, 6], [1, 1, 0, 0, 0, 1, 0, 1, 0, 6, 4, 18]]"
0.18563351585014434,"[[0.0, 0.0], [0.0, 0.7563351585014432], [0.032192274691973596, 0.0], [0.0, 0.0], [0.0, 0.0], [1.0, 0.0], [0.0, 0.0], [0.0, 0.0], [0.0, 0.0], [0.0, 0.0]]","[[649184.8, 69.608422], [194167.2, 97.332175], [1654150.8, 25.386557], [201053.8, 94.144219], [1608035.2, 25.515253], [1659485.4, 25.320224], [695438.0, 25.782029], [1612469.6, 25.47045], [702895.0, 25.536353], [696375.4, 25.655041]]","[[0, 1, 0, 0, 0, 1, 0, 0, 1, 9, 2, 18], [1, 1, 0, 0, 0, 1, 0, 1, 1, 5, 4, 18], [1, 1, 0, 0, 0, 1, 0, 1, 0, 8, 4, 6], [1, 1, 0, 0, 0, 1, 0, 0, 0, 6, 3, 18], [0, 1, 0, 0, 0, 1, 0, 0, 1, 9, 1, 2], [1, 1, 0, 0, 0, 1, 0, 1, 1, 9, 1, 18], [0, 1, 0, 0, 0, 1, 0, 0, 0, 7, 4, 6], [1, 1, 0, 0, 0, 1, 0, 0, 0, 8, 1, 2], [0, 1, 0, 0, 0, 1, 0, 1, 1, 4, 1, 18], [1, 1, 0, 0, 0, 1, 0, 1, 1, 4, 2, 6]]"
0.10624578234459194,"[[0.1738745381433266, 0.0], [0.0, 0.0], [0.0, 0.0], [0.0, 0.0], [0.0, 0.0], [0.0, 0.0], [0.0, 0.0], [0.0, 0.7885832853025927], [0.0, 0.0], [0.0, 0.0]]","[[1656304.6, 25.397941], [1652155.8, 25.427185], [1652564.2, 25.401845], [703473.2, 25.562307], [696440.4, 25.675617], [1608306.2, 25.517842], [684982.4, 25.895569], [467856.2, 97.444076], [705078.6, 25.554025], [694701.2, 25.717958]]","[[1, 1, 0, 0, 0, 1, 0, 0, 0, 9, 4, 6], [0, 1, 0, 0, 0, 1, 0, 0, 1, 9, 4, 6], [0, 1, 0, 0, 0, 1, 0, 1, 0, 9, 4, 6], [0, 1, 0, 0, 0, 1, 0, 1, 0, 7, 1, 18], [1, 1, 0, 0, 0, 1, 0, 1, 0, 6, 3, 6], [0, 1, 0, 0, 0, 1, 0, 0, 1, 8, 2, 2], [0, 1, 0, 0, 0, 1, 0, 0, 0, 7, 1, 2], [1, 1, 0, 0, 0, 1, 0, 1, 0, 9, 4, 18], [1, 1, 0, 0, 0, 1, 0, 0, 1, 5, 1, 18], [0, 1, 0, 0, 0, 1, 0, 0, 0, 6, 1, 6]]"
0.10466979410328445,"[[0.042190102936740276, 0.0], [0.3451440505429299, 0.0], [0.0, 0.0], [0.0, 0.0], [0.0, 0.0], [0.0, 0.0], [0.0, 0.6015538904899145], [0.0, 0.0], [0.0, 0.0], [0.0, 0.0]]","[[1654404.6, 25.437979], [1656504.6, 25.402661], [697506.6, 25.651721], [703982.0, 25.501006], [693877.8, 25.692624], [480757.2, 94.315263], [194604.4, 96.795084], [654026.6, 69.416993], [693972.6, 25.681863], [684758.2, 25.698359]]","[[0, 1, 0, 0, 0, 1, 0, 0, 1, 9, 3, 6], [1, 1, 0, 0, 0, 1, 0, 0, 0, 9, 3, 6], [1, 1, 0, 0, 0, 1, 0, 0, 0, 5, 2, 6], [1, 1, 0, 0, 0, 1, 0, 1, 0, 4, 1, 18], [0, 1, 0, 0, 0, 1, 0, 1, 1, 6, 3, 6], [0, 1, 0, 0, 0, 1, 0, 1, 0, 9, 3, 18], [0, 1, 0, 0, 0, 1, 0, 0, 1, 7, 4, 18], [1, 1, 0, 0, 0, 1, 0, 0, 0, 8, 2, 18], [0, 1, 0, 0, 0, 1, 0, 1, 1, 5, 3, 6], [0, 1, 0, 0, 0, 1, 0, 1, 1, 5, 1, 2]]"
0.019287356548921174,"[[0.0, 0.0], [0.09287356548921172, 0.0], [0.0, 0.0], [0.0, 0.0], [0.0, 0.0], [0.0, 0.0], [0.0, 0.0], [0.0, 0.0], [0.0, 0.0], [0.0, 0.0]]","[[268298.0, 70.168912], [1655567.2, 25.385859], [86155.4, 95.324405], [690138.0, 25.862935], [1608254.8, 25.526298], [264024.8, 70.320937], [87227.0, 94.682453], [288009.4, 27.09354], [397528.2, 25.941134], [292521.4, 26.77944]]","[[1, 1, 0, 0, 0, 1, 0, 1, 1, 6, 2, 18], [1, 1, 0, 0, 0, 1, 0, 0, 0, 8, 1, 6], [0, 1, 0, 0, 0, 0, 1, 0, 1, 7, 2, 18], [1, 1, 0, 0, 0, 1, 0, 0, 1, 7, 3, 2], [0, 1, 0, 0, 0, 1, 0, 0, 1, 8, 3, 2], [0, 1, 0, 0, 0, 1, 0, 0, 0, 6, 2, 18], [1, 1, 0, 0, 0, 0, 1, 1, 1, 7, 2, 18], [0, 1, 0, 0, 0, 0, 1, 0, 0, 7, 3, 2], [1, 1, 0, 0, 0, 0, 1, 0, 0, 8, 2, 18], [1, 1, 0, 0, 0, 0, 1, 0, 1, 9, 1, 2]]"
0.09359141014994855,"[[0.08020487959746658, 0.0], [0.042190102936740276, 0.0], [0.0, 0.0], [0.0, 0.0], [0.0, 0.755709221902019], [0.0, 0.0], [0.0, 0.0], [0.0, 0.0], [0.0, 0.0], [0.0, 0.0]]","[[1655276.6, 25.396896], [1654404.6, 25.437979], [694644.4, 25.721284], [697406.2, 25.660441], [466346.6, 97.330003], [1608254.8, 25.526298], [198856.6, 94.27729], [1652155.8, 25.427185], [694029.8, 25.712084], [287631.0, 26.733778]]","[[1, 1, 0, 0, 0, 1, 0, 0, 1, 9, 4, 6], [0, 1, 0, 0, 0, 1, 0, 0, 1, 9, 3, 6], [0, 1, 0, 0, 0, 1, 0, 1, 0, 7, 4, 6], [1, 1, 0, 0, 0, 1, 0, 0, 1, 6, 3, 6], [0, 1, 0, 0, 0, 1, 0, 1, 0, 9, 4, 18], [0, 1, 0, 0, 0, 1, 0, 0, 1, 8, 3, 2], [0, 1, 0, 0, 0, 1, 0, 1, 1, 5, 3, 18], [0, 1, 0, 0, 0, 1, 0, 0, 1, 9, 4, 6], [0, 1, 0, 0, 0, 1, 0, 0, 0, 5, 2, 6], [0, 1, 0, 0, 0, 0, 1, 0, 0, 9, 3, 6]]"
0.19685273732089553,"[[0.0, 0.7957904899135471], [0.006178391241989391, 0.0], [0.0, 0.0], [0.0, 0.97485202790701], [0.0, 0.0], [0.0, 0.759504610951007], [0.8936753453019453, 0.0], [0.0, 0.0], [0.0, 0.0], [0.0, 0.0]]","[[466420.0, 97.469085], [1653181.4, 25.428928], [685055.2, 25.979642], [193344.0, 97.775394], [1608254.8, 25.526298], [467354.6, 97.343173], [1657800.6, 25.398637], [694643.4, 25.774078], [707075.8, 25.569241], [698130.6, 25.669986]]","[[1, 1, 0, 0, 0, 1, 0, 0, 0, 9, 4, 18], [0, 1, 0, 0, 0, 1, 0, 0, 0, 8, 1, 6], [0, 1, 0, 0, 0, 1, 0, 0, 0, 7, 4, 2], [1, 1, 0, 0, 0, 1, 0, 0, 1, 5, 4, 18], [0, 1, 0, 0, 0, 1, 0, 0, 1, 8, 3, 2], [1, 1, 0, 0, 0, 1, 0, 1, 0, 8, 4, 18], [1, 1, 0, 0, 0, 1, 0, 0, 0, 8, 3, 6], [0, 1, 0, 0, 0, 1, 0, 0, 1, 7, 4, 6], [1, 1, 0, 0, 0, 1, 0, 0, 1, 7, 1, 18], [1, 1, 0, 0, 0, 1, 0, 0, 0, 6, 4, 6]]"
0.08010420973091859,"[[0.0, 0.0], [0.042190102936740276, 0.0], [0.0, 0.0], [0.0, 0.0], [0.0, 0.0], [0.7010420973091859, 0.0], [0.0, 0.0], [0.0, 0.0], [0.0, 0.0], [0.0, 0.0]]","[[200079.8, 94.361112], [1654404.6, 25.437979], [265632.8, 70.179996], [684982.4, 25.895569], [286839.0, 27.047794], [1656920.2, 25.343199], [200586.6, 94.0923], [293745.4, 26.707928], [698862.4, 25.706202], [264167.2, 70.234267]]","[[0, 1, 0, 0, 0, 1, 0, 0, 1, 6, 3, 18], [0, 1, 0, 0, 0, 1, 0, 0, 1, 9, 3, 6], [0, 1, 0, 0, 0, 1, 0, 0, 0, 4, 2, 18], [0, 1, 0, 0, 0, 1, 0, 0, 0, 7, 1, 2], [0, 1, 0, 0, 0, 0, 1, 0, 0, 9, 1, 2], [1, 1, 0, 0, 0, 1, 0, 0, 0, 8, 1, 18], [1, 1, 0, 0, 0, 1, 0, 1, 0, 5, 3, 18], [1, 1, 0, 0, 0, 0, 1, 0, 1, 7, 3, 2], [1, 1, 0, 0, 0, 1, 0, 0, 0, 7, 2, 6], [0, 1, 0, 0, 0, 1, 0, 0, 1, 4, 2, 18]]"
0.11000000000000001,"[[0.0, 0.0], [0.0, 0.0], [0.014550922329666205, 0.0], [0.0, 0.0], [1.0, 0.0], [0.0, 0.0], [0.0, 0.0], [0.0, 0.0], [0.0, 0.0], [0.0, 0.0]]","[[483465.8, 94.249959], [654653.6, 69.322295], [1653493.4, 25.426993], [650844.0, 69.745289], [1659485.4, 25.320224], [38829.0, 94.44552], [684660.0, 25.822349], [1651960.6, 25.429779], [65314.6, 94.339658], [694208.0, 25.676937]]","[[1, 1, 0, 0, 0, 1, 0, 0, 1, 8, 3, 18], [1, 1, 0, 0, 0, 1, 0, 0, 0, 9, 2, 18], [0, 1, 0, 0, 0, 1, 0, 0, 0, 8, 4, 6], [0, 1, 0, 0, 0, 1, 0, 1, 0, 9, 2, 18], [1, 1, 0, 0, 0, 1, 0, 1, 1, 9, 1, 18], [0, 1, 0, 0, 0, 0, 1, 0, 0, 5, 4, 18], [0, 1, 0, 0, 0, 1, 0, 0, 0, 6, 4, 2], [0, 1, 0, 0, 0, 1, 0, 0, 0, 8, 3, 6], [0, 1, 0, 0, 0, 1, 0, 1, 1, 1, 3, 18], [0, 1, 0, 0, 0, 1, 0, 0, 1, 4, 4, 6]]"
0.1790304859538991,"[[0.0, 0.7885832853025927], [0.015677993822238084, 0.0], [0.0, 0.0], [0.0, 0.0], [0.0, 0.8139463976945268], [0.8763584618444641, 0.0], [0.0, 0.0], [0.0, 0.0], [0.0, 0.0], [0.0, 0.0]]","[[467856.2, 97.444076], [1653535.4, 25.426626], [1608025.8, 25.522362], [695173.6, 25.780174], [193506.4, 97.532086], [1657526.2, 25.393675], [713928.4, 25.689287], [1612818.8, 25.465778], [699155.2, 25.699026], [1652155.8, 25.427185]]","[[1, 1, 0, 0, 0, 1, 0, 1, 0, 9, 4, 18], [0, 1, 0, 0, 0, 1, 0, 0, 1, 8, 2, 6], [0, 1, 0, 0, 0, 1, 0, 0, 0, 8, 3, 2], [0, 1, 0, 0, 0, 1, 0, 0, 0, 7, 3, 6], [0, 1, 0, 0, 0, 1, 0, 1, 0, 5, 4, 18], [1, 1, 0, 0, 0, 1, 0, 0, 1, 8, 2, 6], [1, 1, 0, 0, 0, 1, 0, 1, 1, 7, 3, 6], [1, 1, 0, 0, 0, 1, 0, 0, 1, 8, 3, 2], [1, 1, 0, 0, 0, 1, 0, 0, 0, 7, 3, 6], [0, 1, 0, 0, 0, 1, 0, 0, 1, 9, 4, 6]]"
0.044514405054292994,"[[0.0, 0.0], [0.006178391241989391, 0.0], [0.0, 0.0], [0.0, 0.0], [0.0, 0.0], [0.3451440505429299, 0.0], [0.0, 0.0], [0.0, 0.0], [0.0, 0.0], [0.0, 0.0]]","[[655026.6, 69.321723], [1653181.4, 25.428928], [38362.2, 95.415061], [83812.4, 72.588902], [49228.8, 78.391102], [1656504.6, 25.402661], [695173.6, 25.780174], [1606921.2, 25.430054], [701974.2, 25.558793], [696375.4, 25.655041]]","[[1, 1, 0, 0, 0, 1, 0, 1, 0, 8, 2, 18], [0, 1, 0, 0, 0, 1, 0, 0, 0, 8, 1, 6], [0, 1, 0, 0, 0, 0, 1, 0, 1, 5, 4, 6], [0, 1, 0, 0, 0, 1, 0, 0, 0, 3, 2, 18], [0, 1, 0, 0, 0, 0, 1, 1, 0, 6, 3, 6], [1, 1, 0, 0, 0, 1, 0, 0, 0, 9, 3, 6], [0, 1, 0, 0, 0, 1, 0, 0, 0, 7, 3, 6], [0, 1, 0, 0, 0, 1, 0, 1, 1, 9, 4, 2], [0, 1, 0, 0, 0, 1, 0, 0, 1, 6, 1, 18], [1, 1, 0, 0, 0, 1, 0, 1, 1, 4, 2, 6]]"
0.09518093814328142,"[[0.0, 0.0], [0.0, 0.0], [0.0, 0.0], [0.0, 0.0], [0.0, 0.0], [0.0, 0.0], [0.8518093814328141, 0.0], [0.0, 0.0], [0.0, 0.0], [0.0, 0.0]]","[[199837.8, 94.398903], [1652872.8, 25.431214], [268320.6, 70.252439], [85959.4, 95.272117], [684469.4, 25.814483], [1612818.8, 25.465778], [1657137.2, 25.397579], [38362.2, 95.415061], [287002.0, 27.123504], [293745.4, 26.707928]]","[[0, 1, 0, 0, 0, 1, 0, 0, 0, 5, 3, 18], [0, 1, 0, 0, 0, 1, 0, 0, 1, 8, 4, 6], [0, 1, 0, 0, 0, 1, 0, 0, 0, 5, 2, 18], [0, 1, 0, 0, 0, 0, 1, 0, 1, 7, 4, 18], [0, 1, 0, 0, 0, 1, 0, 0, 1, 6, 3, 2], [1, 1, 0, 0, 0, 1, 0, 0, 1, 8, 3, 2], [1, 1, 0, 0, 0, 1, 0, 0, 0, 8, 4, 6], [0, 1, 0, 0, 0, 0, 1, 0, 1, 5, 4, 6], [0, 1, 0, 0, 0, 0, 1, 0, 1, 9, 4, 2], [1, 1, 0, 0, 0, 0, 1, 0, 1, 7, 3, 2]]"
0.09937174776245937,"[[0.0, 0.0], [0.0, 0.0], [0.1738745381433266, 0.0], [0.0, 0.0], [0.0, 0.0], [0.0, 0.7198429394812671], [0.0, 0.0], [0.0, 0.0], [0.0, 0.0], [0.0, 0.0]]","[[684660.0, 25.822349], [1652564.2, 25.401845], [1656304.6, 25.397941], [1652155.8, 25.427185], [694644.4, 25.721284], [469165.6, 97.205547], [1612206.6, 25.48083], [706155.0, 25.563136], [67712.8, 91.09221], [1652114.8, 25.425737]]","[[0, 1, 0, 0, 0, 1, 0, 0, 0, 6, 4, 2], [0, 1, 0, 0, 0, 1, 0, 1, 0, 9, 4, 6], [1, 1, 0, 0, 0, 1, 0, 0, 0, 9, 4, 6], [0, 1, 0, 0, 0, 1, 0, 0, 1, 9, 4, 6], [0, 1, 0, 0, 0, 1, 0, 1, 0, 7, 4, 6], [1, 1, 0, 0, 0, 1, 0, 1, 1, 9, 4, 18], [1, 1, 0, 0, 0, 1, 0, 0, 1, 9, 4, 2], [1, 1, 0, 0, 0, 1, 0, 0, 0, 7, 1, 18], [1, 1, 0, 0, 0, 1, 0, 1, 0, 1, 4, 18], [0, 1, 0, 0, 0, 1, 0, 0, 0, 9, 4, 6]]"
0.144514405054293,"[[0.0, 1.0], [0.3451440505429299, 0.0], [0.03193465835081181, 0.0], [0.0, 0.0], [0.0, 0.0], [0.0, 0.0], [0.0, 0.720371757925071], [0.0, 0.0], [0.0, 0.0], [0.0, 0.688387319884726]]","[[191563.6, 97.780726], [1656504.6, 25.402661], [1654141.2, 25.431587], [686716.0, 25.738144], [684662.8, 25.966417], [703861.4, 25.564765], [467442.4, 97.207382], [695394.6, 25.67825], [695315.2, 25.72267], [194200.6, 97.096396]]","[[0, 1, 0, 0, 0, 1, 0, 1, 1, 4, 4, 18], [1, 1, 0, 0, 0, 1, 0, 0, 0, 9, 3, 6], [0, 1, 0, 0, 0, 1, 0, 0, 0, 8, 2, 6], [1, 1, 0, 0, 0, 1, 0, 1, 0, 7, 2, 2], [0, 1, 0, 0, 0, 1, 0, 0, 1, 7, 2, 2], [0, 1, 0, 0, 0, 1, 0, 0, 0, 7, 1, 18], [0, 1, 0, 0, 0, 1, 0, 0, 0, 9, 4, 18], [1, 1, 0, 0, 0, 1, 0, 1, 1, 5, 1, 6], [0, 1, 0, 0, 0, 1, 0, 1, 0, 7, 1, 6], [1, 1, 0, 0, 0, 1, 0, 1, 1, 4, 4, 18]]"
0.18554394812680106,"[[0.0, 0.7554394812680103], [0.0, 0.0], [0.0, 0.0], [0.0, 0.0], [0.0, 0.0], [1.0, 0.0], [0.0, 0.0], [0.0, 0.0], [0.0, 0.0], [0.0, 0.0]]","[[467254.0, 97.329067], [654653.6, 69.322295], [1652775.4, 25.40046], [485908.0, 94.220394], [650844.0, 69.745289], [1659485.4, 25.320224], [1607385.0, 25.426034], [684662.8, 25.966417], [694643.4, 25.774078], [697041.4, 25.659942]]","[[1, 1, 0, 0, 0, 1, 0, 0, 0, 8, 4, 18], [1, 1, 0, 0, 0, 1, 0, 0, 0, 9, 2, 18], [0, 1, 0, 0, 0, 1, 0, 1, 0, 9, 1, 6], [1, 1, 0, 0, 0, 1, 0, 0, 1, 9, 3, 18], [0, 1, 0, 0, 0, 1, 0, 1, 0, 9, 2, 18], [1, 1, 0, 0, 0, 1, 0, 1, 1, 9, 1, 18], [0, 1, 0, 0, 0, 1, 0, 1, 0, 8, 4, 2], [0, 1, 0, 0, 0, 1, 0, 0, 1, 7, 2, 2], [0, 1, 0, 0, 0, 1, 0, 0, 1, 7, 4, 6], [1, 1, 0, 0, 0, 1, 0, 0, 1, 5, 4, 6]]"
0.17903476795958934,"[[0.0, 0.7966723342939479], [0.0, 0.0], [0.03193465835081181, 0.0], [0.8936753453019453, 0.0], [0.0, 0.0], [0.0, 0.0], [0.0, 0.0], [0.0, 0.0], [0.0, 0.0], [0.0, 0.0]]","[[467412.4, 97.472145], [651128.0, 69.552404], [1654141.2, 25.431587], [1657800.6, 25.398637], [713928.4, 25.689287], [1651448.2, 25.436668], [684658.8, 25.827584], [694963.4, 25.724443], [698678.2, 25.703391], [696694.4, 25.710681]]","[[0, 1, 0, 0, 0, 1, 0, 1, 0, 8, 4, 18], [1, 1, 0, 0, 0, 1, 0, 0, 1, 8, 2, 18], [0, 1, 0, 0, 0, 1, 0, 0, 0, 8, 2, 6], [1, 1, 0, 0, 0, 1, 0, 0, 0, 8, 3, 6], [1, 1, 0, 0, 0, 1, 0, 1, 1, 7, 3, 6], [0, 1, 0, 0, 0, 1, 0, 0, 1, 8, 1, 6], [0, 1, 0, 0, 0, 1, 0, 0, 0, 6, 3, 2], [0, 1, 0, 0, 0, 1, 0, 1, 1, 7, 4, 6], [1, 1, 0, 0, 0, 1, 0, 0, 1, 7, 3, 6], [1, 1, 0, 0, 0, 1, 0, 1, 0, 7, 4, 6]]"
0.09659642523822662,"[[0.0, 0.734564553314121], [0.0, 0.0], [0.11441817859211213, 0.0], [0.0, 0.0], [0.0, 0.0], [0.0, 0.0], [0.0, 0.0], [0.13139969906814522, 0.0], [0.0, 0.0], [0.0, 0.0]]","[[467478.6, 97.256631], [650844.0, 69.745289], [1656061.4, 25.40319], [485908.0, 94.220394], [1608254.8, 25.526298], [684982.4, 25.895569], [695173.6, 25.780174], [1656255.0, 25.396695], [1651657.2, 25.428969], [698678.2, 25.703391]]","[[0, 1, 0, 0, 0, 1, 0, 1, 1, 8, 4, 18], [0, 1, 0, 0, 0, 1, 0, 1, 0, 9, 2, 18], [1, 1, 0, 0, 0, 1, 0, 0, 0, 9, 1, 6], [1, 1, 0, 0, 0, 1, 0, 0, 1, 9, 3, 18], [0, 1, 0, 0, 0, 1, 0, 0, 1, 8, 3, 2], [0, 1, 0, 0, 0, 1, 0, 0, 0, 7, 1, 2], [0, 1, 0, 0, 0, 1, 0, 0, 0, 7, 3, 6], [1, 1, 0, 0, 0, 1, 0, 0, 1, 9, 1, 6], [0, 1, 0, 0, 0, 1, 0, 0, 0, 9, 1, 6], [1, 1, 0, 0, 0, 1, 0, 0, 1, 7, 3, 6]]"
0.11000000000000001,"[[0.0, 0.0], [0.0, 0.0], [0.00870625158961989, 0.0], [0.0, 0.0], [0.0, 0.0], [1.0, 0.0], [0.0, 0.0], [0.0, 0.0], [0.0, 0.0], [0.0, 0.0]]","[[650686.6, 69.65311], [199720.8, 94.003317], [1653275.6, 25.38377], [1609035.8, 25.518315], [87350.4, 94.514906], [1659485.4, 25.320224], [265473.4, 70.194503], [694969.0, 25.78656], [684838.4, 25.815535], [705122.2, 25.546292]]","[[0, 1, 0, 0, 0, 1, 0, 1, 1, 9, 2, 18], [0, 1, 0, 0, 0, 1, 0, 1, 1, 7, 3, 18], [1, 1, 0, 0, 0, 1, 0, 1, 1, 8, 3, 6], [0, 1, 0, 0, 0, 1, 0, 0, 0, 9, 1, 2], [1, 1, 0, 0, 0, 0, 1, 0, 0, 7, 3, 18], [1, 1, 0, 0, 0, 1, 0, 1, 1, 9, 1, 18], [0, 1, 0, 0, 0, 1, 0, 1, 1, 4, 2, 18], [0, 1, 0, 0, 0, 1, 0, 0, 0, 7, 1, 6], [0, 1, 0, 0, 0, 1, 0, 0, 0, 6, 2, 2], [1, 1, 0, 0, 0, 1, 0, 1, 1, 5, 1, 18]]"
0.1867084827577818,"[[0.0, 0.7966723342939479], [0.0, 0.0], [0.0, 0.0], [0.9648361244077887, 0.0], [0.0, 0.0], [0.0, 0.8022487031700294], [0.0, 0.720371757925071], [0.0, 0.0], [0.3451440505429299, 0.0], [0.0, 0.0]]","[[467412.4, 97.472145], [1652872.8, 25.431214], [1607947.0, 25.532025], [1658928.2, 25.343411], [694376.0, 25.712673], [192729.0, 97.491495], [467442.4, 97.207382], [696801.4, 25.706105], [1656504.6, 25.402661], [1609892.4, 25.522754]]","[[0, 1, 0, 0, 0, 1, 0, 1, 0, 8, 4, 18], [0, 1, 0, 0, 0, 1, 0, 0, 1, 8, 4, 6], [0, 1, 0, 0, 0, 1, 0, 0, 1, 9, 3, 2], [1, 1, 0, 0, 0, 1, 0, 0, 1, 8, 1, 18], [0, 1, 0, 0, 0, 1, 0, 0, 0, 5, 3, 6], [0, 1, 0, 0, 0, 1, 0, 0, 1, 5, 4, 18], [0, 1, 0, 0, 0, 1, 0, 0, 0, 9, 4, 18], [1, 1, 0, 0, 0, 1, 0, 1, 1, 7, 2, 6], [1, 1, 0, 0, 0, 1, 0, 0, 0, 9, 3, 6], [0, 1, 0, 0, 0, 1, 0, 0, 1, 8, 4, 2]]"
0.10797801404527241,"[[0.0, 0.0], [0.042190102936740276, 0.0], [0.0, 0.0], [0.0, 0.0], [0.0, 0.0], [0.979780140452724, 0.0], [0.0, 0.0], [0.0, 0.0], [0.0, 0.0], [0.1738745381433266, 0.0]]","[[650844.0, 69.745289], [1654404.6, 25.437979], [66303.2, 93.103841], [266848.6, 70.072933], [1611882.2, 25.477357], [1659165.0, 25.335463], [685274.8, 25.968257], [698475.6, 25.708817], [707099.8, 25.557865], [1656304.6, 25.397941]]","[[0, 1, 0, 0, 0, 1, 0, 1, 0, 9, 2, 18], [0, 1, 0, 0, 0, 1, 0, 0, 1, 9, 3, 6], [1, 1, 0, 0, 0, 1, 0, 0, 0, 3, 4, 18], [1, 1, 0, 0, 0, 1, 0, 1, 1, 5, 2, 18], [1, 1, 0, 0, 0, 1, 0, 0, 1, 9, 1, 2], [1, 1, 0, 0, 0, 1, 0, 0, 1, 9, 1, 18], [0, 1, 0, 0, 0, 1, 0, 0, 0, 7, 2, 2], [1, 1, 0, 0, 0, 1, 0, 0, 0, 7, 1, 6], [0, 1, 0, 0, 0, 1, 0, 0, 0, 5, 1, 18], [1, 1, 0, 0, 0, 1, 0, 0, 0, 9, 4, 6]]"
0.14942286897901644,"[[0.0, 0.0], [0.0, 0.5424193083573501], [0.014550922329666205, 0.0], [0.0, 0.0], [0.0, 0.0], [0.8518093814328141, 0.0], [0.0, 0.0], [0.0, 0.0], [0.0, 0.0], [0.0, 0.0]]","[[653805.4, 69.361961], [194512.8, 96.589887], [1653493.4, 25.426993], [200995.2, 93.723685], [1606836.2, 25.51892], [1657137.2, 25.397579], [684705.8, 25.9348], [698498.6, 25.702616], [200486.8, 94.10925], [703473.2, 25.562307]]","[[1, 1, 0, 0, 0, 1, 0, 1, 0, 9, 2, 18], [1, 1, 0, 0, 0, 1, 0, 0, 1, 4, 4, 18], [0, 1, 0, 0, 0, 1, 0, 0, 0, 8, 4, 6], [1, 1, 0, 0, 0, 1, 0, 1, 0, 7, 3, 18], [0, 1, 0, 0, 0, 1, 0, 0, 0, 9, 2, 2], [1, 1, 0, 0, 0, 1, 0, 0, 0, 8, 4, 6], [0, 1, 0, 0, 0, 1, 0, 0, 1, 7, 1, 2], [1, 1, 0, 0, 0, 1, 0, 0, 0, 7, 4, 6], [1, 1, 0, 0, 0, 1, 0, 1, 1, 5, 3, 18], [0, 1, 0, 0, 0, 1, 0, 1, 0, 7, 1, 18]]"
0.18683634257553167,"[[0.0, 0.7885832853025927], [0.0, 0.0], [0.979780140452724, 0.0], [0.0, 0.0], [0.0, 0.0], [0.0, 0.0], [0.0, 0.0], [0.0, 0.0], [0.0, 0.0], [0.0, 0.0]]","[[467856.2, 97.444076], [651865.8, 69.420688], [1659165.0, 25.335463], [483612.6, 94.298684], [1606503.2, 25.435564], [694641.0, 25.777932], [709658.4, 25.554949], [1618646.8, 25.408769], [697406.2, 25.660441], [703829.0, 25.575858]]","[[1, 1, 0, 0, 0, 1, 0, 1, 0, 9, 4, 18], [1, 1, 0, 0, 0, 1, 0, 1, 1, 8, 2, 18], [1, 1, 0, 0, 0, 1, 0, 0, 1, 9, 1, 18], [0, 1, 0, 0, 0, 1, 0, 0, 1, 8, 3, 18], [0, 1, 0, 0, 0, 1, 0, 1, 0, 9, 3, 2], [0, 1, 0, 0, 0, 1, 0, 0, 1, 7, 1, 6], [0, 1, 0, 0, 0, 1, 0, 0, 1, 7, 1, 18], [1, 1, 0, 0, 0, 1, 0, 1, 1, 9, 2, 2], [1, 1, 0, 0, 0, 1, 0, 0, 1, 6, 3, 6], [0, 1, 0, 0, 0, 1, 0, 1, 1, 7, 1, 18]]"
0.18787825221023155,"[[0.0, 0.6668123919308349], [0.0, 0.0], [0.0, 0.8139463976945268], [0.0, 0.0], [0.0, 0.0], [0.9648361244077887, 0.0], [0.0, 0.0], [0.0, 0.0], [0.0, 0.0], [0.0, 0.0]]","[[469214.0, 97.021531], [1651637.6, 25.408077], [193506.4, 97.532086], [1609035.8, 25.518315], [690138.0, 25.862935], [1658928.2, 25.343411], [696326.4, 25.677968], [701974.2, 25.558793], [1612469.6, 25.47045], [693813.0, 25.703867]]","[[1, 1, 0, 0, 0, 1, 0, 0, 1, 9, 4, 18], [0, 1, 0, 0, 0, 1, 0, 1, 0, 9, 2, 6], [0, 1, 0, 0, 0, 1, 0, 1, 0, 5, 4, 18], [0, 1, 0, 0, 0, 1, 0, 0, 0, 9, 1, 2], [1, 1, 0, 0, 0, 1, 0, 0, 1, 7, 3, 2], [1, 1, 0, 0, 0, 1, 0, 0, 1, 8, 1, 18], [1, 1, 0, 0, 0, 1, 0, 1, 0, 6, 4, 6], [0, 1, 0, 0, 0, 1, 0, 0, 1, 6, 1, 18], [1, 1, 0, 0, 0, 1, 0, 0, 0, 8, 1, 2], [0, 1, 0, 0, 0, 1, 0, 0, 1, 6, 3, 6]]"
0.017892318873298188,"[[0.0, 0.0], [0.07892318873298187, 0.0], [0.0, 0.0], [0.0, 0.0], [0.0, 0.0], [0.0, 0.0], [0.0, 0.0], [0.0, 0.0], [0.0, 0.0], [0.0, 0.0]]","[[267357.2, 70.140955], [1655247.2, 25.404111], [38362.2, 95.415061], [67695.8, 90.540294], [684742.0, 25.828156], [83812.4, 72.588902], [68946.8, 89.016017], [292126.8, 26.622435], [713928.4, 25.689287], [1649549.0, 25.407639]]","[[1, 1, 0, 0, 0, 1, 0, 0, 1, 7, 2, 18], [1, 1, 0, 0, 0, 1, 0, 0, 1, 8, 1, 6], [0, 1, 0, 0, 0, 0, 1, 0, 1, 5, 4, 6], [1, 1, 0, 0, 0, 1, 0, 1, 1, 1, 4, 18], [0, 1, 0, 0, 0, 1, 0, 0, 1, 6, 4, 2], [0, 1, 0, 0, 0, 1, 0, 0, 0, 3, 2, 18], [1, 1, 0, 0, 0, 1, 0, 0, 1, 3, 3, 18], [1, 1, 0, 0, 0, 0, 1, 0, 0, 7, 4, 6], [1, 1, 0, 0, 0, 1, 0, 1, 1, 7, 3, 6], [0, 1, 0, 0, 0, 1, 0, 1, 1, 8, 4, 6]]"
0.18305199504813974,"[[0.0, 0.720371757925071], [0.042190102936740276, 0.0], [0.0, 0.8022487031700294], [0.0, 0.0], [0.0, 0.0], [0.9282712473113678, 0.0], [0.0, 0.0], [0.0, 0.0], [0.0, 0.0], [0.0, 0.0]]","[[467442.4, 97.207382], [1654404.6, 25.437979], [192729.0, 97.491495], [699155.2, 25.699026], [695095.8, 25.715762], [1658348.8, 25.402462], [690028.0, 25.773656], [201636.8, 93.989554], [1651448.2, 25.436668], [266848.6, 70.072933]]","[[0, 1, 0, 0, 0, 1, 0, 0, 0, 9, 4, 18], [0, 1, 0, 0, 0, 1, 0, 0, 1, 9, 3, 6], [0, 1, 0, 0, 0, 1, 0, 0, 1, 5, 4, 18], [1, 1, 0, 0, 0, 1, 0, 0, 0, 7, 3, 6], [0, 1, 0, 0, 0, 1, 0, 1, 0, 7, 2, 6], [0, 1, 0, 0, 0, 1, 0, 1, 1, 8, 1, 6], [1, 1, 0, 0, 0, 1, 0, 0, 0, 7, 1, 2], [1, 1, 0, 0, 0, 1, 0, 0, 1, 4, 3, 18], [0, 1, 0, 0, 0, 1, 0, 0, 1, 8, 1, 6], [1, 1, 0, 0, 0, 1, 0, 1, 1, 5, 2, 18]]"
0.09909608379315621,"[[0.0, 0.8256305475504337], [0.0, 0.0], [0.0, 0.0], [0.0, 0.0], [0.0, 0.0], [0.06533029038112839, 0.0], [0.0, 0.0], [0.0, 0.0], [0.0, 0.6781097982708933], [0.0, 0.0]]","[[193222.0, 97.57263], [1651346.6, 25.423397], [266400.6, 69.983533], [685055.2, 25.979642], [200995.2, 93.723685], [1654935.4, 25.401595], [288136.2, 27.08775], [264234.2, 70.305661], [195171.8, 97.060733], [293801.2, 26.779331]]","[[1, 1, 0, 0, 0, 1, 0, 0, 0, 6, 4, 18], [0, 1, 0, 0, 0, 1, 0, 0, 1, 8, 3, 6], [1, 1, 0, 0, 0, 1, 0, 0, 0, 6, 2, 18], [0, 1, 0, 0, 0, 1, 0, 0, 0, 7, 4, 2], [1, 1, 0, 0, 0, 1, 0, 1, 0, 7, 3, 18], [0, 1, 0, 0, 0, 1, 0, 1, 0, 8, 4, 6], [0, 1, 0, 0, 0, 0, 1, 0, 1, 7, 4, 2], [0, 1, 0, 0, 0, 1, 0, 1, 1, 5, 2, 18], [1, 1, 0, 0, 0, 1, 0, 0, 1, 6, 4, 18], [1, 1, 0, 0, 0, 0, 1, 0, 1, 7, 4, 2]]"
0.16068516863674437,"[[0.0, 0.0], [0.0, 0.5420155619596552], [0.9648361244077887, 0.0], [0.0, 0.0], [0.0, 0.0], [0.0, 0.0], [0.0, 0.0], [0.0, 0.0], [0.0, 0.0], [0.0, 0.0]]","[[654026.6, 69.416993], [195780.8, 96.588486], [1658928.2, 25.343411], [1607715.6, 25.522949], [199978.6, 94.194797], [651128.0, 69.552404], [266417.2, 70.244177], [684705.8, 25.9348], [694963.4, 25.724443], [690127.8, 25.838538]]","[[1, 1, 0, 0, 0, 1, 0, 0, 0, 8, 2, 18], [1, 1, 0, 0, 0, 1, 0, 1, 1, 7, 4, 18], [1, 1, 0, 0, 0, 1, 0, 0, 1, 8, 1, 18], [0, 1, 0, 0, 0, 1, 0, 0, 0, 9, 3, 2], [1, 1, 0, 0, 0, 1, 0, 0, 1, 5, 3, 18], [1, 1, 0, 0, 0, 1, 0, 0, 1, 8, 2, 18], [0, 1, 0, 0, 0, 1, 0, 1, 1, 6, 2, 18], [0, 1, 0, 0, 0, 1, 0, 0, 1, 7, 1, 2], [0, 1, 0, 0, 0, 1, 0, 1, 1, 7, 4, 6], [1, 1, 0, 0, 0, 1, 0, 0, 1, 7, 1, 2]]"
0.08534175792507215,"[[0.0, 0.0], [0.0, 0.0], [0.0, 0.0], [0.0, 0.0], [0.0, 0.0], [0.0, 0.0], [0.0, 0.0], [0.0, 0.7534175792507213], [0.0, 0.0], [0.0, 0.0]]","[[1651822.2, 25.426973], [198856.6, 94.27729], [689944.4, 25.850581], [483465.8, 94.249959], [698382.6, 25.607305], [695963.4, 25.670922], [1612206.6, 25.48083], [192389.2, 97.322051], [86615.2, 95.353575], [1650529.0, 25.405164]]","[[0, 1, 0, 0, 0, 1, 0, 0, 0, 9, 3, 6], [0, 1, 0, 0, 0, 1, 0, 1, 1, 5, 3, 18], [1, 1, 0, 0, 0, 1, 0, 0, 0, 7, 3, 2], [1, 1, 0, 0, 0, 1, 0, 0, 1, 8, 3, 18], [1, 1, 0, 0, 0, 1, 0, 0, 0, 4, 1, 6], [1, 1, 0, 0, 0, 1, 0, 1, 1, 5, 3, 6], [1, 1, 0, 0, 0, 1, 0, 0, 1, 9, 4, 2], [0, 1, 0, 0, 0, 1, 0, 0, 0, 5, 4, 18], [0, 1, 0, 0, 0, 0, 1, 1, 1, 7, 2, 18], [0, 1, 0, 0, 0, 1, 0, 1, 0, 9, 3, 6]]"
0.10075214464392669,"[[0.0, 0.8184057636887625], [0.08911568275050433, 0.0], [0.0, 0.0], [0.0, 0.0], [0.0, 0.0], [0.0, 0.0], [0.0, 0.0], [0.0, 0.0], [0.0, 0.0], [0.0, 0.0]]","[[465039.0, 97.54756], [1655481.0, 25.367717], [484620.2, 94.333579], [1608035.2, 25.515253], [689944.4, 25.850581], [714040.6, 25.609996], [1611728.4, 25.469031], [697295.6, 25.659849], [694159.0, 25.685867], [695259.0, 25.664854]]","[[0, 1, 0, 0, 0, 1, 0, 0, 1, 9, 4, 18], [1, 1, 0, 0, 0, 1, 0, 1, 0, 9, 2, 6], [0, 1, 0, 0, 0, 1, 0, 1, 1, 8, 3, 18], [0, 1, 0, 0, 0, 1, 0, 0, 1, 9, 1, 2], [1, 1, 0, 0, 0, 1, 0, 0, 0, 7, 3, 2], [1, 1, 0, 0, 0, 1, 0, 0, 1, 4, 4, 6], [1, 1, 0, 0, 0, 1, 0, 0, 0, 8, 3, 2], [1, 1, 0, 0, 0, 1, 0, 0, 0, 6, 2, 6], [0, 1, 0, 0, 0, 1, 0, 0, 1, 5, 3, 6], [0, 1, 0, 0, 0, 1, 0, 0, 0, 4, 3, 6]]"
0.0899550016164834,"[[0.0, 0.7966723342939479], [0.0, 0.0], [0.0, 0.6248559077809785], [0.0, 0.0], [0.0, 0.0], [0.0028776818708860325, 0.0], [0.0, 0.0], [0.0, 0.7247657060518728], [0.0, 0.0], [0.0, 0.0]]","[[467412.4, 97.472145], [1651314.2, 25.405191], [470802.6, 96.875942], [1609052.6, 25.516299], [685071.6, 25.807076], [1653058.4, 25.386949], [695789.0, 25.780126], [468810.8, 97.222629], [702727.0, 25.556459], [1612798.4, 25.477394]]","[[0, 1, 0, 0, 0, 1, 0, 1, 0, 8, 4, 18], [0, 1, 0, 0, 0, 1, 0, 1, 1, 9, 3, 6], [1, 1, 0, 0, 0, 1, 0, 1, 1, 8, 4, 18], [0, 1, 0, 0, 0, 1, 0, 0, 0, 9, 4, 2], [0, 1, 0, 0, 0, 1, 0, 0, 1, 6, 1, 2], [1, 1, 0, 0, 0, 1, 0, 1, 0, 8, 1, 6], [0, 1, 0, 0, 0, 1, 0, 0, 0, 7, 2, 6], [1, 1, 0, 0, 0, 1, 0, 0, 1, 8, 4, 18], [0, 1, 0, 0, 0, 1, 0, 1, 0, 6, 1, 18], [1, 1, 0, 0, 0, 1, 0, 0, 0, 9, 3, 2]]"
0.08010420973091859,"[[0.0, 0.0], [0.0, 0.0], [0.0, 0.0], [0.0, 0.0], [0.7010420973091859, 0.0], [0.0, 0.0], [0.0, 0.0], [0.0, 0.0], [0.0, 0.0], [0.0, 0.0]]","[[649841.8, 69.822623], [1651960.6, 25.429779], [87732.8, 94.653592], [266583.2, 70.132943], [1656920.2, 25.343199], [694643.4, 25.774078], [704712.0, 25.559224], [267776.0, 70.045664], [696369.2, 25.678923], [705445.0, 25.539528]]","[[0, 1, 0, 0, 0, 1, 0, 1, 0, 8, 2, 18], [0, 1, 0, 0, 0, 1, 0, 0, 0, 8, 3, 6], [1, 1, 0, 0, 0, 0, 1, 1, 0, 7, 4, 18], [1, 1, 0, 0, 0, 1, 0, 0, 1, 5, 2, 18], [1, 1, 0, 0, 0, 1, 0, 0, 0, 8, 1, 18], [0, 1, 0, 0, 0, 1, 0, 0, 1, 7, 4, 6], [1, 1, 0, 0, 0, 1, 0, 0, 0, 6, 1, 18], [1, 1, 0, 0, 0, 1, 0, 0, 0, 5, 2, 18], [1, 1, 0, 0, 0, 1, 0, 1, 0, 6, 1, 6], [1, 1, 0, 0, 0, 1, 0, 1, 1, 6, 1, 18]]"
0.09248349013321354,"[[0.0, 0.759504610951007], [0.0, 0.0], [0.006178391241989391, 0.0], [0.0, 0.0], [0.06533029038112839, 0.0], [0.0, 0.0], [0.0, 0.0], [0.0, 0.0], [0.0, 0.0], [0.0, 0.0]]","[[467354.6, 97.343173], [648802.4, 69.641498], [1653181.4, 25.428928], [684710.2, 25.989998], [1654935.4, 25.401595], [1606054.2, 25.437124], [698862.4, 25.706202], [695789.0, 25.780126], [694215.2, 25.788966], [696635.0, 25.709473]]","[[1, 1, 0, 0, 0, 1, 0, 1, 0, 8, 4, 18], [0, 1, 0, 0, 0, 1, 0, 1, 1, 8, 2, 18], [0, 1, 0, 0, 0, 1, 0, 0, 0, 8, 1, 6], [0, 1, 0, 0, 0, 1, 0, 0, 1, 7, 4, 2], [0, 1, 0, 0, 0, 1, 0, 1, 0, 8, 4, 6], [0, 1, 0, 0, 0, 1, 0, 1, 0, 9, 2, 2], [1, 1, 0, 0, 0, 1, 0, 0, 0, 7, 2, 6], [0, 1, 0, 0, 0, 1, 0, 0, 0, 7, 2, 6], [0, 1, 0, 0, 0, 1, 0, 0, 1, 7, 2, 6], [1, 1, 0, 0, 0, 1, 0, 1, 0, 7, 2, 6]]"
0.09518093814328142,"[[0.0, 0.0], [0.0, 0.0], [0.0, 0.0], [0.0, 0.0], [0.8518093814328141, 0.0], [0.0, 0.0], [0.0, 0.0], [0.0, 0.0], [0.0, 0.0], [0.0, 0.0]]","[[480469.2, 94.294648], [1652872.8, 25.431214], [86435.8, 95.2517], [684705.2, 25.748127], [1657137.2, 25.397579], [709658.4, 25.554949], [697357.0, 25.670143], [694558.4, 25.700589], [697878.8, 25.655849], [704497.2, 25.559224]]","[[0, 1, 0, 0, 0, 1, 0, 1, 0, 8, 3, 18], [0, 1, 0, 0, 0, 1, 0, 0, 1, 8, 4, 6], [0, 1, 0, 0, 0, 0, 1, 0, 1, 7, 3, 18], [0, 1, 0, 0, 0, 1, 0, 0, 1, 5, 2, 2], [1, 1, 0, 0, 0, 1, 0, 0, 0, 8, 4, 6], [0, 1, 0, 0, 0, 1, 0, 0, 1, 7, 1, 18], [1, 1, 0, 0, 0, 1, 0, 0, 1, 6, 1, 6], [0, 1, 0, 0, 0, 1, 0, 0, 0, 5, 1, 6], [1, 1, 0, 0, 0, 1, 0, 0, 0, 6, 3, 6], [1, 1, 0, 0, 0, 1, 0, 0, 0, 5, 1, 18]]"
0.13800393007465983,"[[0.0, 0.8859121696574218], [0.0, 0.0], [0.014550922329666205, 0.0], [0.0, 0.0], [0.0, 0.0], [0.3941271310891766, 0.0], [0.0, 0.0], [0.0, 0.0], [0.0, 0.0], [0.0, 0.0]]","[[464689.4, 97.72794], [648802.4, 69.641498], [1653493.4, 25.426993], [482402.8, 94.261092], [1607715.6, 25.522949], [1656561.8, 25.33363], [690107.6, 25.857529], [698498.6, 25.702616], [695438.0, 25.782029], [1651448.2, 25.436668]]","[[0, 1, 0, 0, 0, 1, 0, 0, 0, 8, 4, 18], [0, 1, 0, 0, 0, 1, 0, 1, 1, 8, 2, 18], [0, 1, 0, 0, 0, 1, 0, 0, 0, 8, 4, 6], [1, 1, 0, 0, 0, 1, 0, 0, 0, 8, 3, 18], [0, 1, 0, 0, 0, 1, 0, 0, 0, 9, 3, 2], [0, 1, 0, 0, 0, 1, 0, 0, 1, 9, 1, 18], [1, 1, 0, 0, 0, 1, 0, 0, 0, 7, 2, 2], [1, 1, 0, 0, 0, 1, 0, 0, 0, 7, 4, 6], [0, 1, 0, 0, 0, 1, 0, 0, 0, 7, 4, 6], [0, 1, 0, 0, 0, 1, 0, 0, 1, 8, 1, 6]]"
0.207485202790701,"[[0.0, 0.0], [0.0, 0.0], [0.6311641362502673, 0.0], [0.0, 0.97485202790701], [0.0, 0.0], [0.0, 0.0], [1.0, 0.0], [0.0, 0.0], [0.0, 0.0], [0.0, 0.0]]","[[485173.2, 94.388674], [654026.6, 69.416993], [1656838.6, 25.340921], [193344.0, 97.775394], [1608406.4, 25.52508], [650844.0, 69.745289], [1659485.4, 25.320224], [685055.2, 25.979642], [696694.4, 25.710681], [690138.0, 25.862935]]","[[0, 1, 0, 0, 0, 1, 0, 1, 1, 9, 3, 18], [1, 1, 0, 0, 0, 1, 0, 0, 0, 8, 2, 18], [0, 1, 0, 0, 0, 1, 0, 1, 1, 9, 1, 18], [1, 1, 0, 0, 0, 1, 0, 0, 1, 5, 4, 18], [0, 1, 0, 0, 0, 1, 0, 0, 1, 9, 2, 2], [0, 1, 0, 0, 0, 1, 0, 1, 0, 9, 2, 18], [1, 1, 0, 0, 0, 1, 0, 1, 1, 9, 1, 18], [0, 1, 0, 0, 0, 1, 0, 0, 0, 7, 4, 2], [1, 1, 0, 0, 0, 1, 0, 1, 0, 7, 4, 6], [1, 1, 0, 0, 0, 1, 0, 0, 1, 7, 3, 2]]"
0.17282398986160663,"[[0.0, 0.0], [0.0, 0.0], [0.0, 0.0], [0.03193465835081181, 0.0], [0.0, 0.0], [0.8936753453019453, 0.0], [0.0, 0.0], [0.0, 0.734564553314121], [0.0, 0.0], [0.0, 0.0]]","[[695438.0, 25.782029], [694491.0, 25.782789], [696694.4, 25.710681], [1654141.2, 25.431587], [698678.2, 25.703391], [1657800.6, 25.398637], [1613225.0, 25.474402], [467478.6, 97.256631], [200995.2, 93.723685], [1651960.6, 25.429779]]","[[0, 1, 0, 0, 0, 1, 0, 0, 0, 7, 4, 6], [0, 1, 0, 0, 0, 1, 0, 0, 1, 7, 3, 6], [1, 1, 0, 0, 0, 1, 0, 1, 0, 7, 4, 6], [0, 1, 0, 0, 0, 1, 0, 0, 0, 8, 2, 6], [1, 1, 0, 0, 0, 1, 0, 0, 1, 7, 3, 6], [1, 1, 0, 0, 0, 1, 0, 0, 0, 8, 3, 6], [1, 1, 0, 0, 0, 1, 0, 0, 0, 9, 1, 2], [0, 1, 0, 0, 0, 1, 0, 1, 1, 8, 4, 18], [1, 1, 0, 0, 0, 1, 0, 1, 0, 7, 3, 18], [0, 1, 0, 0, 0, 1, 0, 0, 0, 8, 3, 6]]"
0.11550569075044767,"[[0.0, 0.7247657060518728], [0.0, 0.97485202790701], [0.0, 0.759504610951007], [0.0, 0.0], [0.0, 0.0], [0.03193465835081181, 0.0], [0.0, 0.0], [0.08020487959746658, 0.0], [0.0, 0.0], [0.0, 0.7563351585014432]]","[[468810.8, 97.222629], [193344.0, 97.775394], [467354.6, 97.343173], [653805.4, 69.361961], [698475.6, 25.708817], [1654141.2, 25.431587], [481405.0, 94.219007], [1655276.6, 25.396896], [685055.2, 25.979642], [194167.2, 97.332175]]","[[1, 1, 0, 0, 0, 1, 0, 0, 1, 8, 4, 18], [1, 1, 0, 0, 0, 1, 0, 0, 1, 5, 4, 18], [1, 1, 0, 0, 0, 1, 0, 1, 0, 8, 4, 18], [1, 1, 0, 0, 0, 1, 0, 1, 0, 9, 2, 18], [1, 1, 0, 0, 0, 1, 0, 0, 0, 7, 1, 6], [0, 1, 0, 0, 0, 1, 0, 0, 0, 8, 2, 6], [1, 1, 0, 0, 0, 1, 0, 1, 0, 9, 3, 18], [1, 1, 0, 0, 0, 1, 0, 0, 1, 9, 4, 6], [0, 1, 0, 0, 0, 1, 0, 0, 0, 7, 4, 2], [1, 1, 0, 0, 0, 1, 0, 1, 1, 5, 4, 18]]"
0.08906181556195977,"[[0.0, 0.7906181556195977], [0.0, 0.0], [0.0, 0.0], [0.0, 0.0], [0.0, 0.0], [0.0, 0.0], [0.0, 0.0], [0.0, 0.0], [0.0, 0.0], [0.0, 0.0]]","[[467697.0, 97.451137], [654026.6, 69.416993], [1608052.2, 25.535616], [482402.8, 94.261092], [649841.8, 69.822623], [1615141.2, 25.419497], [684623.6, 25.970731], [698535.2, 25.70037], [482264.0, 94.373921], [650888.8, 69.702591]]","[[0, 1, 0, 0, 0, 1, 0, 1, 1, 9, 4, 18], [1, 1, 0, 0, 0, 1, 0, 0, 0, 8, 2, 18], [0, 1, 0, 0, 0, 1, 0, 0, 1, 9, 4, 2], [1, 1, 0, 0, 0, 1, 0, 0, 0, 8, 3, 18], [0, 1, 0, 0, 0, 1, 0, 1, 0, 8, 2, 18], [0, 1, 0, 0, 0, 1, 0, 1, 0, 9, 4, 2], [0, 1, 0, 0, 0, 1, 0, 0, 1, 7, 3, 2], [1, 1, 0, 0, 0, 1, 0, 0, 1, 7, 4, 6], [0, 1, 0, 0, 0, 1, 0, 0, 0, 8, 3, 18], [0, 1, 0, 0, 0, 1, 0, 0, 0, 8, 2, 18]]"
0.16100395288343972,"[[0.0, 0.6194564841498575], [0.032192274691973596, 0.0], [0.0, 0.0], [0.0, 0.0], [0.0, 0.0], [0.0, 0.0], [0.0, 0.0], [0.8905830446845395, 0.0], [0.0, 0.0], [0.0, 0.0]]","[[194050.0, 96.857206], [1654150.8, 25.386557], [264900.6, 70.144594], [1608306.2, 25.517842], [201045.4, 94.054405], [686742.2, 25.751291], [286537.2, 27.108671], [1657751.6, 25.337672], [394599.8, 25.893637], [289862.0, 26.513149]]","[[1, 1, 0, 0, 0, 1, 0, 0, 0, 4, 4, 18], [1, 1, 0, 0, 0, 1, 0, 1, 0, 8, 4, 6], [0, 1, 0, 0, 0, 1, 0, 0, 1, 6, 2, 18], [0, 1, 0, 0, 0, 1, 0, 0, 1, 8, 2, 2], [0, 1, 0, 0, 0, 1, 0, 0, 1, 7, 3, 18], [1, 1, 0, 0, 0, 1, 0, 1, 0, 7, 3, 2], [0, 1, 0, 0, 0, 0, 1, 0, 0, 8, 1, 2], [0, 1, 0, 0, 0, 1, 0, 1, 1, 8, 1, 18], [0, 1, 0, 0, 0, 0, 1, 0, 1, 8, 4, 18], [1, 1, 0, 0, 0, 0, 1, 1, 1, 9, 4, 18]]"
0.181825370365851,"[[0.0, 0.7247657060518728], [0.0, 0.0], [0.9282712473113678, 0.0], [0.0, 0.7534175792507213], [0.0, 0.0], [0.0, 0.0], [0.9648361244077887, 0.0], [0.0, 0.0], [0.0, 0.0], [0.0, 0.0]]","[[468810.8, 97.222629], [649841.8, 69.822623], [1658348.8, 25.402462], [192389.2, 97.322051], [1652155.8, 25.427185], [685274.8, 25.968257], [1658928.2, 25.343411], [698310.4, 25.652366], [705081.6, 25.526591], [694830.4, 25.667712]]","[[1, 1, 0, 0, 0, 1, 0, 0, 1, 8, 4, 18], [0, 1, 0, 0, 0, 1, 0, 1, 0, 8, 2, 18], [0, 1, 0, 0, 0, 1, 0, 1, 1, 8, 1, 6], [0, 1, 0, 0, 0, 1, 0, 0, 0, 5, 4, 18], [0, 1, 0, 0, 0, 1, 0, 0, 1, 9, 4, 6], [0, 1, 0, 0, 0, 1, 0, 0, 0, 7, 2, 2], [1, 1, 0, 0, 0, 1, 0, 0, 1, 8, 1, 18], [1, 1, 0, 0, 0, 1, 0, 0, 0, 6, 1, 6], [1, 1, 0, 0, 0, 1, 0, 0, 1, 4, 1, 18], [0, 1, 0, 0, 0, 1, 0, 0, 0, 4, 4, 6]]"
0.107485202790701,"[[0.0, 0.6668123919308349], [0.0, 0.0], [0.0, 0.0], [0.0, 0.0], [0.0, 0.0], [0.0, 0.0], [0.0, 0.97485202790701], [0.0, 0.7491492795389032], [0.0, 0.0], [0.0, 0.0]]","[[469214.0, 97.021531], [1651661.6, 25.335982], [686716.0, 25.738144], [684466.4, 25.753099], [703302.6, 25.554309], [1609070.4, 25.411352], [193344.0, 97.775394], [193713.2, 97.30724], [696694.4, 25.710681], [654026.6, 69.416993]]","[[1, 1, 0, 0, 0, 1, 0, 0, 1, 9, 4, 18], [0, 1, 0, 0, 0, 1, 0, 1, 0, 9, 1, 18], [1, 1, 0, 0, 0, 1, 0, 1, 0, 7, 2, 2], [0, 1, 0, 0, 0, 1, 0, 1, 0, 7, 3, 2], [0, 1, 0, 0, 0, 1, 0, 0, 0, 6, 1, 18], [1, 1, 0, 0, 0, 1, 0, 1, 1, 9, 1, 2], [1, 1, 0, 0, 0, 1, 0, 0, 1, 5, 4, 18], [1, 1, 0, 0, 0, 1, 0, 0, 0, 5, 4, 18], [1, 1, 0, 0, 0, 1, 0, 1, 0, 7, 4, 6], [1, 1, 0, 0, 0, 1, 0, 0, 0, 8, 2, 18]]"
0.09485827873912307,"[[0.0, 0.755709221902019], [0.07892318873298187, 0.0], [0.0, 0.0], [0.0, 0.0], [0.0, 0.0], [0.09287356548921172, 0.0], [0.0, 0.0], [0.0, 0.0], [0.0, 0.0], [0.0, 0.0]]","[[466346.6, 97.330003], [1655247.2, 25.404111], [695438.0, 25.782029], [713928.4, 25.689287], [1652300.6, 25.406776], [1655567.2, 25.385859], [694491.0, 25.782789], [698678.2, 25.703391], [696694.4, 25.710681], [699155.2, 25.699026]]","[[0, 1, 0, 0, 0, 1, 0, 1, 0, 9, 4, 18], [1, 1, 0, 0, 0, 1, 0, 0, 1, 8, 1, 6], [0, 1, 0, 0, 0, 1, 0, 0, 0, 7, 4, 6], [1, 1, 0, 0, 0, 1, 0, 1, 1, 7, 3, 6], [0, 1, 0, 0, 0, 1, 0, 1, 1, 8, 3, 6], [1, 1, 0, 0, 0, 1, 0, 0, 0, 8, 1, 6], [0, 1, 0, 0, 0, 1, 0, 0, 1, 7, 3, 6], [1, 1, 0, 0, 0, 1, 0, 0, 1, 7, 3, 6], [1, 1, 0, 0, 0, 1, 0, 1, 0, 7, 4, 6], [1, 1, 0, 0, 0, 1, 0, 0, 0, 7, 3, 6]]"
0.17837107285793782,"[[0.0, 0.7554394812680103], [0.0, 0.0], [0.9282712473113678, 0.0], [0.0, 0.0], [0.0, 0.0], [0.0, 0.0], [0.0, 0.0], [0.0, 0.0], [0.0, 0.0], [0.0, 0.0]]","[[467254.0, 97.329067], [654026.6, 69.416993], [1658348.8, 25.402462], [484620.2, 94.333579], [651128.0, 69.552404], [690127.8, 25.838538], [707099.8, 25.557865], [695315.2, 25.72267], [482264.0, 94.373921], [697454.6, 25.636509]]","[[1, 1, 0, 0, 0, 1, 0, 0, 0, 8, 4, 18], [1, 1, 0, 0, 0, 1, 0, 0, 0, 8, 2, 18], [0, 1, 0, 0, 0, 1, 0, 1, 1, 8, 1, 6], [0, 1, 0, 0, 0, 1, 0, 1, 1, 8, 3, 18], [1, 1, 0, 0, 0, 1, 0, 0, 1, 8, 2, 18], [1, 1, 0, 0, 0, 1, 0, 0, 1, 7, 1, 2], [0, 1, 0, 0, 0, 1, 0, 0, 0, 5, 1, 18], [0, 1, 0, 0, 0, 1, 0, 1, 0, 7, 1, 6], [0, 1, 0, 0, 0, 1, 0, 0, 0, 8, 3, 18], [1, 1, 0, 0, 0, 1, 0, 0, 0, 4, 2, 6]]"
0.11000000000000001,"[[0.0, 0.0], [0.0, 0.0], [0.10783534456026617, 0.0], [0.0, 0.0], [0.0, 0.0], [0.0, 0.0], [1.0, 0.0], [0.0, 0.0], [0.0, 0.0], [0.0, 0.0]]","[[483216.6, 94.342896], [653805.4, 69.361961], [1655910.4, 25.39959], [1607715.6, 25.522949], [87644.0, 94.731063], [650844.0, 69.745289], [1659485.4, 25.320224], [698498.6, 25.702616], [685481.4, 25.715887], [1613225.0, 25.474402]]","[[0, 1, 0, 0, 0, 1, 0, 0, 1, 9, 3, 18], [1, 1, 0, 0, 0, 1, 0, 1, 0, 9, 2, 18], [1, 1, 0, 0, 0, 1, 0, 0, 1, 9, 3, 6], [0, 1, 0, 0, 0, 1, 0, 0, 0, 9, 3, 2], [1, 1, 0, 0, 0, 0, 1, 0, 1, 7, 2, 18], [0, 1, 0, 0, 0, 1, 0, 1, 0, 9, 2, 18], [1, 1, 0, 0, 0, 1, 0, 1, 1, 9, 1, 18], [1, 1, 0, 0, 0, 1, 0, 0, 0, 7, 4, 6], [0, 1, 0, 0, 0, 1, 0, 0, 1, 4, 4, 2], [1, 1, 0, 0, 0, 1, 0, 0, 0, 9, 1, 2]]"
0.1867084827577818,"[[0.0, 0.0], [0.0, 0.0], [0.713373502202077, 0.0], [0.0, 0.8022487031700294], [0.0, 0.0], [0.9648361244077887, 0.0], [0.0, 0.0], [0.0, 0.6781097982708933], [0.0, 0.0], [0.0, 0.0]]","[[484620.2, 94.333579], [651990.0, 69.589903], [1656934.6, 25.395156], [192729.0, 97.491495], [684623.6, 25.970731], [1658928.2, 25.343411], [1651995.6, 25.408254], [195171.8, 97.060733], [709658.4, 25.554949], [697357.0, 25.670143]]","[[0, 1, 0, 0, 0, 1, 0, 1, 1, 8, 3, 18], [0, 1, 0, 0, 0, 1, 0, 0, 0, 9, 2, 18], [1, 1, 0, 0, 0, 1, 0, 0, 1, 8, 3, 6], [0, 1, 0, 0, 0, 1, 0, 0, 1, 5, 4, 18], [0, 1, 0, 0, 0, 1, 0, 0, 1, 7, 3, 2], [1, 1, 0, 0, 0, 1, 0, 0, 1, 8, 1, 18], [0, 1, 0, 0, 0, 1, 0, 1, 0, 8, 3, 6], [1, 1, 0, 0, 0, 1, 0, 0, 1, 6, 4, 18], [0, 1, 0, 0, 0, 1, 0, 0, 1, 7, 1, 18], [1, 1, 0, 0, 0, 1, 0, 0, 1, 6, 1, 6]]"
0.12707745980933638,"[[0.0, 0.7247657060518728], [0.3451440505429299, 0.0], [0.0, 0.0], [0.0, 0.8256305475504337], [0.0, 0.0], [0.0, 0.0], [0.0, 0.0], [0.0, 0.0], [0.0, 0.0], [0.0, 0.0]]","[[468810.8, 97.222629], [1656504.6, 25.402661], [485908.0, 94.220394], [193222.0, 97.57263], [694643.4, 25.774078], [1651822.2, 25.426973], [707099.8, 25.557865], [696632.0, 25.701612], [704497.2, 25.559224], [695302.2, 25.714315]]","[[1, 1, 0, 0, 0, 1, 0, 0, 1, 8, 4, 18], [1, 1, 0, 0, 0, 1, 0, 0, 0, 9, 3, 6], [1, 1, 0, 0, 0, 1, 0, 0, 1, 9, 3, 18], [1, 1, 0, 0, 0, 1, 0, 0, 0, 6, 4, 18], [0, 1, 0, 0, 0, 1, 0, 0, 1, 7, 4, 6], [0, 1, 0, 0, 0, 1, 0, 0, 0, 9, 3, 6], [0, 1, 0, 0, 0, 1, 0, 0, 0, 5, 1, 18], [1, 1, 0, 0, 0, 1, 0, 1, 1, 7, 4, 6], [1, 1, 0, 0, 0, 1, 0, 0, 0, 5, 1, 18], [0, 1, 0, 0, 0, 1, 0, 1, 0, 7, 3, 6]]"
0.10648361244077886,"[[0.0, 0.0], [0.014550922329666205, 0.0], [0.0, 0.0], [0.0, 0.0], [0.0, 0.0], [0.9648361244077887, 0.0], [0.0, 0.0], [0.0, 0.0], [0.0, 0.0], [0.0, 0.0]]","[[484260.2, 94.31775], [1653493.4, 25.426993], [86615.2, 95.353575], [1609035.8, 25.518315], [684352.0, 25.763969], [1658928.2, 25.343411], [694029.8, 25.712084], [697454.6, 25.636509], [87634.8, 94.55127], [705122.2, 25.546292]]","[[1, 1, 0, 0, 0, 1, 0, 1, 1, 8, 3, 18], [0, 1, 0, 0, 0, 1, 0, 0, 0, 8, 4, 6], [0, 1, 0, 0, 0, 0, 1, 1, 1, 7, 2, 18], [0, 1, 0, 0, 0, 1, 0, 0, 0, 9, 1, 2], [0, 1, 0, 0, 0, 1, 0, 1, 0, 7, 4, 2], [1, 1, 0, 0, 0, 1, 0, 0, 1, 8, 1, 18], [0, 1, 0, 0, 0, 1, 0, 0, 0, 5, 2, 6], [1, 1, 0, 0, 0, 1, 0, 0, 0, 4, 2, 6], [1, 1, 0, 0, 0, 0, 1, 1, 0, 7, 3, 18], [1, 1, 0, 0, 0, 1, 0, 1, 1, 5, 1, 18]]"
0.17781097982708935,"[[0.0, 0.6781097982708933], [0.0, 0.0], [0.0, 0.0], [0.0, 0.0], [1.0, 0.0], [0.0, 0.0], [0.0, 0.0], [0.0, 0.0], [0.0, 0.0], [0.11441817859211213, 0.0]]","[[195171.8, 97.060733], [1652155.8, 25.427185], [684742.0, 25.828156], [286752.2, 27.091258], [1659485.4, 25.320224], [1612251.2, 25.463813], [713928.4, 25.689287], [292148.0, 26.790944], [695173.6, 25.780174], [1656061.4, 25.40319]]","[[1, 1, 0, 0, 0, 1, 0, 0, 1, 6, 4, 18], [0, 1, 0, 0, 0, 1, 0, 0, 1, 9, 4, 6], [0, 1, 0, 0, 0, 1, 0, 0, 1, 6, 4, 2], [0, 1, 0, 0, 0, 0, 1, 0, 0, 8, 3, 2], [1, 1, 0, 0, 0, 1, 0, 1, 1, 9, 1, 18], [1, 1, 0, 0, 0, 1, 0, 0, 0, 9, 4, 2], [1, 1, 0, 0, 0, 1, 0, 1, 1, 7, 3, 6], [1, 1, 0, 0, 0, 0, 1, 0, 1, 8, 4, 2], [0, 1, 0, 0, 0, 1, 0, 0, 0, 7, 3, 6], [1, 1, 0, 0, 0, 1, 0, 0, 0, 9, 1, 6]]"
0.07423175213031598,"[[0.0, 0.2971734707602298], [0.042190102936740276, 0.0], [0.0, 0.0], [0.0, 0.0], [0.0, 0.0], [0.0, 0.0], [0.3451440505429299, 0.0], [0.0, 0.0], [0.0, 0.0], [0.0, 0.0]]","[[196528.2, 95.870819], [1654404.6, 25.437979], [267461.8, 69.955548], [686742.2, 25.751291], [395287.2, 26.021691], [292115.8, 26.789985], [1656504.6, 25.402661], [698446.4, 25.702842], [702727.0, 25.556459], [397262.4, 25.993294]]","[[1, 1, 0, 0, 0, 1, 0, 0, 0, 7, 4, 18], [0, 1, 0, 0, 0, 1, 0, 0, 1, 9, 3, 6], [1, 1, 0, 0, 0, 1, 0, 1, 0, 4, 2, 18], [1, 1, 0, 0, 0, 1, 0, 1, 0, 7, 3, 2], [0, 1, 0, 0, 0, 0, 1, 0, 0, 8, 1, 18], [1, 1, 0, 0, 0, 0, 1, 0, 0, 8, 2, 2], [1, 1, 0, 0, 0, 1, 0, 0, 0, 9, 3, 6], [1, 1, 0, 0, 0, 1, 0, 0, 1, 7, 2, 6], [0, 1, 0, 0, 0, 1, 0, 1, 0, 6, 1, 18], [1, 1, 0, 0, 0, 0, 1, 1, 1, 8, 3, 18]]"
0.06893354271478974,"[[0.0, 0.0], [0.062339678364017714, 0.0], [0.08020487959746658, 0.0], [0.0, 0.0], [0.0, 0.0], [0.0, 0.0], [0.0, 0.0], [0.0, 0.0], [0.0, 0.5091305475504307], [0.0, 0.0]]","[[684742.0, 25.828156], [1654866.8, 25.405103], [1655276.6, 25.396896], [648802.4, 69.641498], [266170.2, 69.900622], [696694.4, 25.710681], [1609035.8, 25.518315], [1612225.4, 25.471732], [196362.0, 96.474375], [199472.8, 94.555523]]","[[0, 1, 0, 0, 0, 1, 0, 0, 1, 6, 4, 2], [1, 1, 0, 0, 0, 1, 0, 0, 1, 8, 4, 6], [1, 1, 0, 0, 0, 1, 0, 0, 1, 9, 4, 6], [0, 1, 0, 0, 0, 1, 0, 1, 1, 8, 2, 18], [1, 1, 0, 0, 0, 1, 0, 0, 0, 4, 2, 18], [1, 1, 0, 0, 0, 1, 0, 1, 0, 7, 4, 6], [0, 1, 0, 0, 0, 1, 0, 0, 0, 9, 1, 2], [1, 1, 0, 0, 0, 1, 0, 0, 1, 9, 3, 2], [1, 1, 0, 0, 0, 1, 0, 1, 0, 7, 4, 18], [0, 1, 0, 0, 0, 1, 0, 1, 1, 6, 3, 18]]"
0.18377215510902362,"[[0.0, 0.8859121696574218], [0.0, 0.0], [0.006178391241989391, 0.0], [0.0, 0.0], [0.0, 0.0], [0.0, 0.0], [0.8518093814328141, 0.0], [0.0, 0.0], [0.0, 0.0], [0.0, 0.0]]","[[464689.4, 97.72794], [654653.6, 69.322295], [1653181.4, 25.428928], [485908.0, 94.220394], [1607947.0, 25.532025], [651990.0, 69.589903], [1657137.2, 25.397579], [684662.8, 25.966417], [485173.2, 94.388674], [694492.8, 25.718658]]","[[0, 1, 0, 0, 0, 1, 0, 0, 0, 8, 4, 18], [1, 1, 0, 0, 0, 1, 0, 0, 0, 9, 2, 18], [0, 1, 0, 0, 0, 1, 0, 0, 0, 8, 1, 6], [1, 1, 0, 0, 0, 1, 0, 0, 1, 9, 3, 18], [0, 1, 0, 0, 0, 1, 0, 0, 1, 9, 3, 2], [0, 1, 0, 0, 0, 1, 0, 0, 0, 9, 2, 18], [1, 1, 0, 0, 0, 1, 0, 0, 0, 8, 4, 6], [0, 1, 0, 0, 0, 1, 0, 0, 1, 7, 2, 2], [0, 1, 0, 0, 0, 1, 0, 1, 1, 9, 3, 18], [0, 1, 0, 0, 0, 1, 0, 0, 0, 6, 4, 6]]"
0.11000000000000001,"[[0.0, 0.0], [0.0, 0.0], [0.03919077193414883, 0.0], [0.0, 0.0], [0.0, 0.0], [1.0, 0.0], [0.0, 0.0], [0.0, 0.0], [0.0, 0.0], [0.0, 0.0]]","[[485173.2, 94.388674], [653805.4, 69.361961], [1654335.8, 25.401185], [1608406.4, 25.52508], [650844.0, 69.745289], [1659485.4, 25.320224], [684710.2, 25.989998], [698535.2, 25.70037], [1613225.0, 25.474402], [651990.0, 69.589903]]","[[0, 1, 0, 0, 0, 1, 0, 1, 1, 9, 3, 18], [1, 1, 0, 0, 0, 1, 0, 1, 0, 9, 2, 18], [0, 1, 0, 0, 0, 1, 0, 1, 1, 8, 2, 6], [0, 1, 0, 0, 0, 1, 0, 0, 1, 9, 2, 2], [0, 1, 0, 0, 0, 1, 0, 1, 0, 9, 2, 18], [1, 1, 0, 0, 0, 1, 0, 1, 1, 9, 1, 18], [0, 1, 0, 0, 0, 1, 0, 0, 1, 7, 4, 2], [1, 1, 0, 0, 0, 1, 0, 0, 1, 7, 4, 6], [1, 1, 0, 0, 0, 1, 0, 0, 0, 9, 1, 2], [0, 1, 0, 0, 0, 1, 0, 0, 0, 9, 2, 18]]"
0.12014792090443732,"[[0.3451440505429299, 0.0], [0.042190102936740276, 0.0], [0.0, 0.0], [0.0, 0.7563351585014432], [0.0, 0.0], [0.0, 0.0], [0.0, 0.0], [0.0, 0.0], [0.0, 0.0], [0.0, 0.0]]","[[1656504.6, 25.402661], [1654404.6, 25.437979], [697357.0, 25.670143], [194167.2, 97.332175], [690127.8, 25.838538], [695438.0, 25.782029], [704497.2, 25.559224], [704662.2, 25.528142], [481435.0, 94.201811], [267357.2, 70.140955]]","[[1, 1, 0, 0, 0, 1, 0, 0, 0, 9, 3, 6], [0, 1, 0, 0, 0, 1, 0, 0, 1, 9, 3, 6], [1, 1, 0, 0, 0, 1, 0, 0, 1, 6, 1, 6], [1, 1, 0, 0, 0, 1, 0, 1, 1, 5, 4, 18], [1, 1, 0, 0, 0, 1, 0, 0, 1, 7, 1, 2], [0, 1, 0, 0, 0, 1, 0, 0, 0, 7, 4, 6], [1, 1, 0, 0, 0, 1, 0, 0, 0, 5, 1, 18], [1, 1, 0, 0, 0, 1, 0, 0, 0, 4, 1, 18], [1, 1, 0, 0, 0, 1, 0, 0, 0, 9, 3, 18], [1, 1, 0, 0, 0, 1, 0, 0, 1, 7, 2, 18]]"
0.09320197936377948,"[[0.0, 0.720371757925071], [0.062339678364017714, 0.0], [0.0, 0.0], [0.0, 0.0], [0.0, 0.7696801152737771], [0.0, 0.0], [0.0, 0.0], [0.0, 0.0], [0.0, 0.0], [0.0, 0.0]]","[[467442.4, 97.207382], [1654866.8, 25.405103], [684732.2, 25.950708], [1612469.6, 25.47045], [193199.6, 97.378482], [693736.8, 25.715996], [706845.0, 25.555843], [690127.8, 25.838538], [697835.2, 25.624109], [694159.0, 25.685867]]","[[0, 1, 0, 0, 0, 1, 0, 0, 0, 9, 4, 18], [1, 1, 0, 0, 0, 1, 0, 0, 1, 8, 4, 6], [0, 1, 0, 0, 0, 1, 0, 0, 0, 7, 3, 2], [1, 1, 0, 0, 0, 1, 0, 0, 0, 8, 1, 2], [0, 1, 0, 0, 0, 1, 0, 1, 1, 5, 4, 18], [0, 1, 0, 0, 0, 1, 0, 0, 1, 5, 1, 6], [1, 1, 0, 0, 0, 1, 0, 1, 1, 7, 1, 18], [1, 1, 0, 0, 0, 1, 0, 0, 1, 7, 1, 2], [1, 1, 0, 0, 0, 1, 0, 0, 0, 4, 3, 6], [0, 1, 0, 0, 0, 1, 0, 0, 1, 5, 3, 6]]"
0.07248559077809785,"[[0.0, 0.0], [0.0, 0.0], [0.0, 0.0], [0.0, 0.0], [0.0, 0.0], [0.0, 0.0], [0.0, 0.0], [0.0, 0.0], [0.0, 0.6248559077809785], [0.0, 0.0]]","[[690215.4, 25.853763], [1652225.2, 25.338192], [1611882.2, 25.477357], [1613225.0, 25.474402], [1609035.8, 25.518315], [695648.4, 25.670928], [702680.4, 25.554454], [684982.4, 25.895569], [470802.6, 96.875942], [694492.8, 25.718658]]","[[1, 1, 0, 0, 0, 1, 0, 0, 0, 7, 4, 2], [0, 1, 0, 0, 0, 1, 0, 0, 0, 9, 1, 18], [1, 1, 0, 0, 0, 1, 0, 0, 1, 9, 1, 2], [1, 1, 0, 0, 0, 1, 0, 0, 0, 9, 1, 2], [0, 1, 0, 0, 0, 1, 0, 0, 0, 9, 1, 2], [1, 1, 0, 0, 0, 1, 0, 1, 1, 5, 2, 6], [0, 1, 0, 0, 0, 1, 0, 1, 1, 6, 1, 18], [0, 1, 0, 0, 0, 1, 0, 0, 0, 7, 1, 2], [1, 1, 0, 0, 0, 1, 0, 1, 1, 8, 4, 18], [0, 1, 0, 0, 0, 1, 0, 0, 0, 6, 4, 6]]"
0.09518093814328142,"[[0.0, 0.0], [0.0, 0.0], [0.8518093814328141, 0.0], [0.0, 0.0], [0.0, 0.0], [0.0, 0.0], [0.0, 0.0], [0.0, 0.0], [0.0, 0.0], [0.0, 0.0]]","[[649841.8, 69.822623], [198976.6, 94.467453], [1657137.2, 25.397579], [1608306.2, 25.517842], [651128.0, 69.552404], [684838.4, 25.815535], [199105.6, 94.334504], [695302.2, 25.714315], [697295.6, 25.659849], [701038.0, 25.539528]]","[[0, 1, 0, 0, 0, 1, 0, 1, 0, 8, 2, 18], [0, 1, 0, 0, 0, 1, 0, 0, 1, 5, 3, 18], [1, 1, 0, 0, 0, 1, 0, 0, 0, 8, 4, 6], [0, 1, 0, 0, 0, 1, 0, 0, 1, 8, 2, 2], [1, 1, 0, 0, 0, 1, 0, 0, 1, 8, 2, 18], [0, 1, 0, 0, 0, 1, 0, 0, 0, 6, 2, 2], [0, 1, 0, 0, 0, 1, 0, 1, 1, 4, 3, 18], [0, 1, 0, 0, 0, 1, 0, 1, 0, 7, 3, 6], [1, 1, 0, 0, 0, 1, 0, 0, 0, 6, 2, 6], [0, 1, 0, 0, 0, 1, 0, 1, 0, 4, 1, 18]]"
0.01890546498521999,"[[0.0, 0.0], [0.03193465835081181, 0.0], [0.0, 0.0], [0.0, 0.0], [0.08905464985219988, 0.0], [0.0, 0.0], [0.0, 0.0], [0.0, 0.0], [0.0, 0.0], [0.07892318873298187, 0.0]]","[[485908.0, 94.220394], [1654141.2, 25.431587], [86382.8, 95.118434], [695315.2, 25.72267], [1655479.6, 25.388594], [1606054.2, 25.437124], [704712.0, 25.559224], [696838.2, 25.656108], [705122.2, 25.546292], [1655247.2, 25.404111]]","[[1, 1, 0, 0, 0, 1, 0, 0, 1, 9, 3, 18], [0, 1, 0, 0, 0, 1, 0, 0, 0, 8, 2, 6], [0, 1, 0, 0, 0, 0, 1, 0, 0, 7, 4, 18], [0, 1, 0, 0, 0, 1, 0, 1, 0, 7, 1, 6], [1, 1, 0, 0, 0, 1, 0, 1, 0, 9, 1, 6], [0, 1, 0, 0, 0, 1, 0, 1, 0, 9, 2, 2], [1, 1, 0, 0, 0, 1, 0, 0, 0, 6, 1, 18], [1, 1, 0, 0, 0, 1, 0, 0, 1, 5, 3, 6], [1, 1, 0, 0, 0, 1, 0, 1, 1, 5, 1, 18], [1, 1, 0, 0, 0, 1, 0, 0, 1, 8, 1, 6]]"
0.19654350725915498,"[[0.0, 0.7906181556195977], [0.0, 0.0], [0.0, 0.0], [0.0, 0.97485202790701], [0.0, 0.0], [0.8905830446845395, 0.0], [0.0, 0.0], [0.0, 0.0], [0.0, 0.0], [0.0, 0.0]]","[[467697.0, 97.451137], [1651879.0, 25.397775], [1609035.8, 25.518315], [193344.0, 97.775394], [684754.6, 25.829098], [1657751.6, 25.337672], [696170.6, 25.642374], [1612700.2, 25.471767], [687223.8, 25.75041], [702194.2, 25.558003]]","[[0, 1, 0, 0, 0, 1, 0, 1, 1, 9, 4, 18], [0, 1, 0, 0, 0, 1, 0, 1, 0, 8, 1, 6], [0, 1, 0, 0, 0, 1, 0, 0, 0, 9, 1, 2], [1, 1, 0, 0, 0, 1, 0, 0, 1, 5, 4, 18], [0, 1, 0, 0, 0, 1, 0, 0, 1, 6, 2, 2], [0, 1, 0, 0, 0, 1, 0, 1, 1, 8, 1, 18], [1, 1, 0, 0, 0, 1, 0, 1, 0, 5, 3, 6], [1, 1, 0, 0, 0, 1, 0, 0, 1, 9, 2, 2], [1, 1, 0, 0, 0, 1, 0, 1, 1, 7, 2, 2], [0, 1, 0, 0, 0, 1, 0, 1, 0, 5, 1, 18]]"
0.18554542800273863,"[[0.0, 0.7885832853025927], [0.0, 0.0], [0.5854351764394536, 0.0], [0.0, 0.0], [0.0, 0.6668123919308349], [0.0, 0.0], [0.9648361244077887, 0.0], [0.0, 0.0], [0.0, 0.7906181556195977], [0.0, 0.0]]","[[467856.2, 97.444076], [651990.0, 69.589903], [1656785.2, 25.393674], [1609892.4, 25.522754], [469214.0, 97.021531], [650844.0, 69.745289], [1658928.2, 25.343411], [694429.8, 25.723022], [467697.0, 97.451137], [698498.6, 25.702616]]","[[1, 1, 0, 0, 0, 1, 0, 1, 0, 9, 4, 18], [0, 1, 0, 0, 0, 1, 0, 0, 0, 9, 2, 18], [1, 1, 0, 0, 0, 1, 0, 0, 0, 8, 2, 6], [0, 1, 0, 0, 0, 1, 0, 0, 1, 8, 4, 2], [1, 1, 0, 0, 0, 1, 0, 0, 1, 9, 4, 18], [0, 1, 0, 0, 0, 1, 0, 1, 0, 9, 2, 18], [1, 1, 0, 0, 0, 1, 0, 0, 1, 8, 1, 18], [0, 1, 0, 0, 0, 1, 0, 1, 1, 7, 1, 6], [0, 1, 0, 0, 0, 1, 0, 1, 1, 9, 4, 18], [1, 1, 0, 0, 0, 1, 0, 0, 0, 7, 4, 6]]"
0.02078353445602662,"[[0.0, 0.0], [0.0, 0.0], [0.0, 0.0], [0.0, 0.0], [0.0, 0.0], [0.0, 0.0], [0.10783534456026617, 0.0], [0.0, 0.0], [0.0, 0.0], [0.0, 0.0]]","[[199345.8, 94.421006], [1652155.8, 25.427185], [695173.6, 25.780174], [38598.8, 94.912672], [292185.2, 26.792513], [200291.8, 94.171731], [1655910.4, 25.39959], [397528.2, 25.941134], [1651657.2, 25.428969], [701518.4, 25.557104]]","[[0, 1, 0, 0, 0, 1, 0, 0, 0, 6, 3, 18], [0, 1, 0, 0, 0, 1, 0, 0, 1, 9, 4, 6], [0, 1, 0, 0, 0, 1, 0, 0, 0, 7, 3, 6], [0, 1, 0, 0, 0, 0, 1, 0, 0, 5, 4, 6], [1, 1, 0, 0, 0, 0, 1, 0, 1, 8, 3, 2], [1, 1, 0, 0, 0, 1, 0, 0, 0, 5, 3, 18], [1, 1, 0, 0, 0, 1, 0, 0, 1, 9, 3, 6], [1, 1, 0, 0, 0, 0, 1, 0, 0, 8, 2, 18], [0, 1, 0, 0, 0, 1, 0, 0, 0, 9, 1, 6], [0, 1, 0, 0, 0, 1, 0, 1, 1, 5, 1, 18]]"
0.0858717867435157,"[[0.0, 0.0], [0.0, 0.0], [0.0, 0.7587178674351569], [0.0, 0.49267377521613887], [0.0, 0.0], [0.0, 0.0], [0.0, 0.0], [0.0, 0.0], [0.0, 0.0], [0.0, 0.0]]","[[698106.0, 25.706437], [1608132.8, 25.435003], [193888.8, 97.340443], [195074.4, 96.41727], [698130.6, 25.669986], [684793.2, 25.772493], [482264.0, 94.373921], [199978.6, 94.194797], [1606125.4, 25.423624], [38598.8, 94.912672]]","[[1, 1, 0, 0, 0, 1, 0, 0, 1, 7, 1, 6], [0, 1, 0, 0, 0, 1, 0, 1, 0, 8, 1, 2], [1, 1, 0, 0, 0, 1, 0, 1, 1, 6, 4, 18], [1, 1, 0, 0, 0, 1, 0, 0, 1, 7, 4, 18], [1, 1, 0, 0, 0, 1, 0, 0, 0, 6, 4, 6], [0, 1, 0, 0, 0, 1, 0, 1, 0, 7, 2, 2], [0, 1, 0, 0, 0, 1, 0, 0, 0, 8, 3, 18], [1, 1, 0, 0, 0, 1, 0, 0, 1, 5, 3, 18], [0, 1, 0, 0, 0, 1, 0, 1, 1, 9, 1, 2], [0, 1, 0, 0, 0, 0, 1, 0, 0, 5, 4, 6]]"
0.08648272733611413,"[[0.0, 0.0], [0.0, 0.7491492795389032], [0.015677993822238084, 0.0], [0.0, 0.0], [0.0, 0.0], [0.0, 0.0], [0.0, 0.0], [0.0, 0.0], [0.0, 0.0], [0.0, 0.0]]","[[652183.2, 69.408379], [193713.2, 97.30724], [1653535.4, 25.426626], [199889.2, 94.201525], [1607947.0, 25.532025], [695789.0, 25.780126], [713928.4, 25.689287], [684838.4, 25.815535], [1651448.2, 25.436668], [694215.2, 25.788966]]","[[1, 1, 0, 0, 0, 1, 0, 1, 1, 9, 2, 18], [1, 1, 0, 0, 0, 1, 0, 0, 0, 5, 4, 18], [0, 1, 0, 0, 0, 1, 0, 0, 1, 8, 2, 6], [1, 1, 0, 0, 0, 1, 0, 1, 0, 6, 3, 18], [0, 1, 0, 0, 0, 1, 0, 0, 1, 9, 3, 2], [0, 1, 0, 0, 0, 1, 0, 0, 0, 7, 2, 6], [1, 1, 0, 0, 0, 1, 0, 1, 1, 7, 3, 6], [0, 1, 0, 0, 0, 1, 0, 0, 0, 6, 2, 2], [0, 1, 0, 0, 0, 1, 0, 0, 1, 8, 1, 6], [0, 1, 0, 0, 0, 1, 0, 0, 1, 7, 2, 6]]"
0.16496508496247103,"[[0.0, 0.0], [0.8936753453019453, 0.0], [0.0, 0.0], [0.03193465835081181, 0.0], [0.0, 0.0], [0.0, 0.0], [0.0843115217550797, 0.0], [0.0, 0.0], [0.0, 0.6559755043227651], [0.0, 0.0]]","[[713928.4, 25.689287], [1657800.6, 25.398637], [698678.2, 25.703391], [1654141.2, 25.431587], [699155.2, 25.699026], [1608025.8, 25.522362], [1655370.8, 25.406693], [484620.2, 94.333579], [194423.6, 96.983927], [685055.2, 25.979642]]","[[1, 1, 0, 0, 0, 1, 0, 1, 1, 7, 3, 6], [1, 1, 0, 0, 0, 1, 0, 0, 0, 8, 3, 6], [1, 1, 0, 0, 0, 1, 0, 0, 1, 7, 3, 6], [0, 1, 0, 0, 0, 1, 0, 0, 0, 8, 2, 6], [1, 1, 0, 0, 0, 1, 0, 0, 0, 7, 3, 6], [0, 1, 0, 0, 0, 1, 0, 0, 0, 8, 3, 2], [0, 1, 0, 0, 0, 1, 0, 1, 1, 9, 2, 6], [0, 1, 0, 0, 0, 1, 0, 1, 1, 8, 3, 18], [1, 1, 0, 0, 0, 1, 0, 1, 0, 5, 4, 18], [0, 1, 0, 0, 0, 1, 0, 0, 0, 7, 4, 2]]"
0.12068019756149766,"[[0.0, 0.7616579250720465], [0.0, 0.0], [0.0, 0.0], [0.0, 0.0], [0.0, 0.0], [0.0, 0.0], [0.3451440505429299, 0.0], [0.0, 0.0], [0.0, 0.0], [0.0, 0.6194564841498575]]","[[192325.8, 97.350645], [1652114.8, 25.425737], [265387.6, 70.073286], [200995.2, 93.723685], [690127.8, 25.838538], [1608406.4, 25.52508], [1656504.6, 25.402661], [292185.2, 26.792513], [398391.8, 25.997177], [194050.0, 96.857206]]","[[0, 1, 0, 0, 0, 1, 0, 0, 0, 6, 4, 18], [0, 1, 0, 0, 0, 1, 0, 0, 0, 9, 4, 6], [1, 1, 0, 0, 0, 1, 0, 0, 1, 4, 2, 18], [1, 1, 0, 0, 0, 1, 0, 1, 0, 7, 3, 18], [1, 1, 0, 0, 0, 1, 0, 0, 1, 7, 1, 2], [0, 1, 0, 0, 0, 1, 0, 0, 1, 9, 2, 2], [1, 1, 0, 0, 0, 1, 0, 0, 0, 9, 3, 6], [1, 1, 0, 0, 0, 0, 1, 0, 1, 8, 3, 2], [1, 1, 0, 0, 0, 0, 1, 1, 0, 8, 4, 18], [1, 1, 0, 0, 0, 1, 0, 0, 0, 4, 4, 18]]"
0.1165515808468001,"[[0.0, 0.720371757925071], [0.3451440505429299, 0.0], [0.0, 0.0], [0.0, 0.0], [0.0, 0.0], [0.0, 0.0], [0.07892318873298187, 0.0], [0.0, 0.0], [0.0, 0.0], [0.0, 0.0]]","[[467442.4, 97.207382], [1656504.6, 25.402661], [1609052.6, 25.516299], [684469.4, 25.814483], [695789.0, 25.780126], [714040.6, 25.609996], [1655247.2, 25.404111], [696734.6, 25.654393], [697835.2, 25.624109], [697253.8, 25.628525]]","[[0, 1, 0, 0, 0, 1, 0, 0, 0, 9, 4, 18], [1, 1, 0, 0, 0, 1, 0, 0, 0, 9, 3, 6], [0, 1, 0, 0, 0, 1, 0, 0, 0, 9, 4, 2], [0, 1, 0, 0, 0, 1, 0, 0, 1, 6, 3, 2], [0, 1, 0, 0, 0, 1, 0, 0, 0, 7, 2, 6], [1, 1, 0, 0, 0, 1, 0, 0, 1, 4, 4, 6], [1, 1, 0, 0, 0, 1, 0, 0, 1, 8, 1, 6], [1, 1, 0, 0, 0, 1, 0, 1, 0, 4, 4, 6], [1, 1, 0, 0, 0, 1, 0, 0, 0, 4, 3, 6], [1, 1, 0, 0, 0, 1, 0, 0, 1, 4, 3, 6]]"
0.027387453814332663,"[[0.0, 0.0], [0.0, 0.0], [0.0, 0.0], [0.0, 0.0], [0.0, 0.0], [0.1738745381433266, 0.0], [0.0, 0.0], [0.0, 0.0], [0.0, 0.0], [0.0, 0.0]]","[[648802.4, 69.641498], [1651960.6, 25.429779], [86382.8, 95.118434], [1608052.2, 25.535616], [266400.6, 69.983533], [1656304.6, 25.397941], [694215.2, 25.788966], [696953.6, 25.707762], [1612798.4, 25.477394], [694643.4, 25.774078]]","[[0, 1, 0, 0, 0, 1, 0, 1, 1, 8, 2, 18], [0, 1, 0, 0, 0, 1, 0, 0, 0, 8, 3, 6], [0, 1, 0, 0, 0, 0, 1, 0, 0, 7, 4, 18], [0, 1, 0, 0, 0, 1, 0, 0, 1, 9, 4, 2], [1, 1, 0, 0, 0, 1, 0, 0, 0, 6, 2, 18], [1, 1, 0, 0, 0, 1, 0, 0, 0, 9, 4, 6], [0, 1, 0, 0, 0, 1, 0, 0, 1, 7, 2, 6], [1, 1, 0, 0, 0, 1, 0, 1, 0, 7, 1, 6], [1, 1, 0, 0, 0, 1, 0, 0, 0, 9, 3, 2], [0, 1, 0, 0, 0, 1, 0, 0, 1, 7, 4, 6]]"
0.1792675704434445,"[[0.0, 0.8408663230016304], [0.014550922329666205, 0.0], [0.0, 0.0], [0.0, 0.0], [0.0, 0.0], [0.0, 0.0], [0.8518093814328141, 0.0], [0.0, 0.0], [0.0, 0.0], [0.0, 0.0]]","[[193135.6, 97.612404], [1653493.4, 25.426993], [267438.4, 70.135578], [199472.8, 94.555523], [696694.4, 25.710681], [288136.2, 27.08775], [1657137.2, 25.397579], [370225.8, 25.949607], [266417.2, 70.244177], [293745.4, 26.707928]]","[[0, 1, 0, 0, 0, 1, 0, 1, 1, 6, 4, 18], [0, 1, 0, 0, 0, 1, 0, 0, 0, 8, 4, 6], [0, 1, 0, 0, 0, 1, 0, 1, 0, 7, 2, 18], [0, 1, 0, 0, 0, 1, 0, 1, 1, 6, 3, 18], [1, 1, 0, 0, 0, 1, 0, 1, 0, 7, 4, 6], [0, 1, 0, 0, 0, 0, 1, 0, 1, 7, 4, 2], [1, 1, 0, 0, 0, 1, 0, 0, 0, 8, 4, 6], [0, 1, 0, 0, 0, 0, 1, 1, 0, 7, 1, 18], [0, 1, 0, 0, 0, 1, 0, 1, 1, 6, 2, 18], [1, 1, 0, 0, 0, 0, 1, 0, 1, 7, 3, 2]]"
0.19408663230016304,"[[0.0, 0.7885832853025927], [0.0, 0.0], [0.0, 0.0], [0.0, 0.0], [0.0, 0.0], [0.0, 0.8408663230016304], [1.0, 0.0], [0.0, 0.0], [0.0, 0.0], [0.0, 0.0]]","[[467856.2, 97.444076], [1652564.2, 25.401845], [483465.8, 94.249959], [1608254.8, 25.526298], [690115.0, 25.846728], [193135.6, 97.612404], [1659485.4, 25.320224], [696801.4, 25.706105], [1612798.4, 25.477394], [704712.0, 25.559224]]","[[1, 1, 0, 0, 0, 1, 0, 1, 0, 9, 4, 18], [0, 1, 0, 0, 0, 1, 0, 1, 0, 9, 4, 6], [1, 1, 0, 0, 0, 1, 0, 0, 1, 8, 3, 18], [0, 1, 0, 0, 0, 1, 0, 0, 1, 8, 3, 2], [1, 1, 0, 0, 0, 1, 0, 0, 1, 7, 4, 2], [0, 1, 0, 0, 0, 1, 0, 1, 1, 6, 4, 18], [1, 1, 0, 0, 0, 1, 0, 1, 1, 9, 1, 18], [1, 1, 0, 0, 0, 1, 0, 1, 1, 7, 2, 6], [1, 1, 0, 0, 0, 1, 0, 0, 0, 9, 3, 2], [1, 1, 0, 0, 0, 1, 0, 0, 0, 6, 1, 18]]"
0.09777204068291068,"[[0.0, 0.0], [0.0, 0.8408663230016304], [0.0, 0.0], [0.0, 0.0], [0.03685408382747627, 0.0], [0.0, 0.0], [0.0, 0.0], [0.0, 0.0], [0.0, 0.0], [0.0, 0.0]]","[[650844.0, 69.745289], [193135.6, 97.612404], [1650529.0, 25.405164], [200281.4, 94.436052], [1654282.2, 25.341037], [266583.2, 70.132943], [698446.4, 25.702842], [1607507.4, 25.414154], [685071.6, 25.807076], [705122.2, 25.546292]]","[[0, 1, 0, 0, 0, 1, 0, 1, 0, 9, 2, 18], [0, 1, 0, 0, 0, 1, 0, 1, 1, 6, 4, 18], [0, 1, 0, 0, 0, 1, 0, 1, 0, 9, 3, 6], [0, 1, 0, 0, 0, 1, 0, 1, 0, 6, 3, 18], [1, 1, 0, 0, 0, 1, 0, 0, 0, 9, 1, 18], [1, 1, 0, 0, 0, 1, 0, 0, 1, 5, 2, 18], [1, 1, 0, 0, 0, 1, 0, 0, 1, 7, 2, 6], [0, 1, 0, 0, 0, 1, 0, 1, 0, 8, 3, 2], [0, 1, 0, 0, 0, 1, 0, 0, 1, 6, 1, 2], [1, 1, 0, 0, 0, 1, 0, 1, 1, 5, 1, 18]]"
0.0199229705898771,"[[0.0, 0.0], [0.09922970589877096, 0.0], [0.0, 0.0], [0.0, 0.0], [0.0, 0.0], [0.0, 0.0], [0.0, 0.0], [0.0, 0.0], [0.0, 0.0], [0.0, 0.0]]","[[650844.0, 69.745289], [1655713.0, 25.404789], [66374.4, 93.608152], [266416.8, 70.180565], [1612469.6, 25.47045], [694643.4, 25.774078], [1651657.2, 25.428969], [698498.6, 25.702616], [705078.6, 25.554025], [696694.4, 25.710681]]","[[0, 1, 0, 0, 0, 1, 0, 1, 0, 9, 2, 18], [1, 1, 0, 0, 0, 1, 0, 0, 1, 9, 2, 6], [1, 1, 0, 0, 0, 1, 0, 1, 0, 2, 3, 18], [0, 1, 0, 0, 0, 1, 0, 1, 1, 7, 2, 18], [1, 1, 0, 0, 0, 1, 0, 0, 0, 8, 1, 2], [0, 1, 0, 0, 0, 1, 0, 0, 1, 7, 4, 6], [0, 1, 0, 0, 0, 1, 0, 0, 0, 9, 1, 6], [1, 1, 0, 0, 0, 1, 0, 0, 0, 7, 4, 6], [1, 1, 0, 0, 0, 1, 0, 0, 1, 5, 1, 18], [1, 1, 0, 0, 0, 1, 0, 1, 0, 7, 4, 6]]"
0.15110657239898873,"[[0.0, 0.734564553314121], [0.0, 0.0], [0.0, 0.0], [0.0, 0.8256305475504337], [0.0, 0.0], [0.5854351764394536, 0.0], [0.0, 0.0], [0.0, 0.0], [0.0, 0.0], [0.062339678364017714, 0.0]]","[[467478.6, 97.256631], [1652872.8, 25.431214], [1607828.4, 25.529737], [193222.0, 97.57263], [695095.8, 25.715762], [1656785.2, 25.393674], [704712.0, 25.559224], [696635.0, 25.709473], [1613874.0, 25.466864], [1654866.8, 25.405103]]","[[0, 1, 0, 0, 0, 1, 0, 1, 1, 8, 4, 18], [0, 1, 0, 0, 0, 1, 0, 0, 1, 8, 4, 6], [0, 1, 0, 0, 0, 1, 0, 0, 0, 8, 4, 2], [1, 1, 0, 0, 0, 1, 0, 0, 0, 6, 4, 18], [0, 1, 0, 0, 0, 1, 0, 1, 0, 7, 2, 6], [1, 1, 0, 0, 0, 1, 0, 0, 0, 8, 2, 6], [1, 1, 0, 0, 0, 1, 0, 0, 0, 6, 1, 18], [1, 1, 0, 0, 0, 1, 0, 1, 0, 7, 2, 6], [1, 1, 0, 0, 0, 1, 0, 0, 1, 8, 4, 2], [1, 1, 0, 0, 0, 1, 0, 0, 1, 8, 4, 6]]"
0.191830893371758,"[[0.0, 0.0], [0.0, 0.8183089337175797], [0.026948708747956872, 0.0], [0.0, 0.0], [0.0, 0.0], [0.0, 0.0], [1.0, 0.0], [0.0, 0.0], [0.0, 0.0], [0.0, 0.0]]","[[651128.0, 69.552404], [192820.4, 97.547224], [1653955.4, 25.389434], [654653.6, 69.322295], [198687.6, 94.162207], [1609035.8, 25.518315], [1659485.4, 25.320224], [266583.2, 70.132943], [690215.4, 25.853763], [697506.6, 25.651721]]","[[1, 1, 0, 0, 0, 1, 0, 0, 1, 8, 2, 18], [0, 1, 0, 0, 0, 1, 0, 1, 0, 6, 4, 18], [1, 1, 0, 0, 0, 1, 0, 1, 1, 9, 3, 6], [1, 1, 0, 0, 0, 1, 0, 0, 0, 9, 2, 18], [0, 1, 0, 0, 0, 1, 0, 0, 1, 4, 3, 18], [0, 1, 0, 0, 0, 1, 0, 0, 0, 9, 1, 2], [1, 1, 0, 0, 0, 1, 0, 1, 1, 9, 1, 18], [1, 1, 0, 0, 0, 1, 0, 0, 1, 5, 2, 18], [1, 1, 0, 0, 0, 1, 0, 0, 0, 7, 4, 2], [1, 1, 0, 0, 0, 1, 0, 0, 0, 5, 2, 6]]"
0.09518093814328142,"[[0.0, 0.0], [0.0, 0.0], [0.0, 0.0], [0.0, 0.0], [0.8518093814328141, 0.0], [0.0, 0.0], [0.0, 0.0], [0.0, 0.0], [0.0, 0.0], [0.014550922329666205, 0.0]]","[[484620.2, 94.333579], [1652872.8, 25.431214], [684623.6, 25.970731], [1608025.8, 25.522362], [1657137.2, 25.397579], [698310.4, 25.652366], [692275.2, 25.730792], [685274.8, 25.968257], [1611728.4, 25.469031], [1653493.4, 25.426993]]","[[0, 1, 0, 0, 0, 1, 0, 1, 1, 8, 3, 18], [0, 1, 0, 0, 0, 1, 0, 0, 1, 8, 4, 6], [0, 1, 0, 0, 0, 1, 0, 0, 1, 7, 3, 2], [0, 1, 0, 0, 0, 1, 0, 0, 0, 8, 3, 2], [1, 1, 0, 0, 0, 1, 0, 0, 0, 8, 4, 6], [1, 1, 0, 0, 0, 1, 0, 0, 0, 6, 1, 6], [1, 1, 0, 0, 0, 1, 0, 0, 0, 6, 2, 2], [0, 1, 0, 0, 0, 1, 0, 0, 0, 7, 2, 2], [1, 1, 0, 0, 0, 1, 0, 0, 0, 8, 3, 2], [0, 1, 0, 0, 0, 1, 0, 0, 0, 8, 4, 6]]"
0.0813373502202077,"[[0.0, 0.0], [0.042190102936740276, 0.0], [0.0, 0.0], [0.0, 0.0], [0.713373502202077, 0.0], [0.0, 0.0], [0.0, 0.0], [0.0, 0.0], [0.0, 0.0], [0.0, 0.0]]","[[651990.0, 69.589903], [1654404.6, 25.437979], [87227.0, 94.682453], [655026.6, 69.321723], [1656934.6, 25.395156], [690107.6, 25.857529], [704289.4, 25.553009], [694491.0, 25.782789], [696375.4, 25.655041], [705445.0, 25.539528]]","[[0, 1, 0, 0, 0, 1, 0, 0, 0, 9, 2, 18], [0, 1, 0, 0, 0, 1, 0, 0, 1, 9, 3, 6], [1, 1, 0, 0, 0, 0, 1, 1, 1, 7, 2, 18], [1, 1, 0, 0, 0, 1, 0, 1, 0, 8, 2, 18], [1, 1, 0, 0, 0, 1, 0, 0, 1, 8, 3, 6], [1, 1, 0, 0, 0, 1, 0, 0, 0, 7, 2, 2], [1, 1, 0, 0, 0, 1, 0, 0, 1, 6, 1, 18], [0, 1, 0, 0, 0, 1, 0, 0, 1, 7, 3, 6], [1, 1, 0, 0, 0, 1, 0, 1, 1, 4, 2, 6], [1, 1, 0, 0, 0, 1, 0, 1, 1, 6, 1, 18]]"
0.08361803839202317,"[[0.0, 0.0], [0.08020487959746658, 0.0], [0.0, 0.6559755043227651], [0.0, 0.0], [0.0, 0.0], [0.0, 0.0], [0.0, 0.0], [0.0, 0.0], [0.0, 0.0], [0.0, 0.0]]","[[485173.2, 94.388674], [1655276.6, 25.396896], [194423.6, 96.983927], [1606836.2, 25.51892], [694491.0, 25.782789], [713928.4, 25.689287], [1651995.6, 25.408254], [695173.6, 25.780174], [698678.2, 25.703391], [714040.6, 25.609996]]","[[0, 1, 0, 0, 0, 1, 0, 1, 1, 9, 3, 18], [1, 1, 0, 0, 0, 1, 0, 0, 1, 9, 4, 6], [1, 1, 0, 0, 0, 1, 0, 1, 0, 5, 4, 18], [0, 1, 0, 0, 0, 1, 0, 0, 0, 9, 2, 2], [0, 1, 0, 0, 0, 1, 0, 0, 1, 7, 3, 6], [1, 1, 0, 0, 0, 1, 0, 1, 1, 7, 3, 6], [0, 1, 0, 0, 0, 1, 0, 1, 0, 8, 3, 6], [0, 1, 0, 0, 0, 1, 0, 0, 0, 7, 3, 6], [1, 1, 0, 0, 0, 1, 0, 0, 1, 7, 3, 6], [1, 1, 0, 0, 0, 1, 0, 0, 1, 4, 4, 6]]"
0.1862270631501886,"[[0.0, 0.0], [0.0, 0.0], [0.0, 0.0], [0.0, 0.0], [0.0, 0.8859121696574218], [0.0, 0.0], [0.0, 0.0], [0.8763584618444641, 0.0], [0.0, 0.0], [0.0, 0.0]]","[[1608052.2, 25.535616], [684982.4, 25.895569], [690127.8, 25.838538], [696326.4, 25.677968], [464689.4, 97.72794], [684623.6, 25.970731], [693494.6, 25.701733], [1657526.2, 25.393675], [201585.2, 94.253394], [1651661.6, 25.335982]]","[[0, 1, 0, 0, 0, 1, 0, 0, 1, 9, 4, 2], [0, 1, 0, 0, 0, 1, 0, 0, 0, 7, 1, 2], [1, 1, 0, 0, 0, 1, 0, 0, 1, 7, 1, 2], [1, 1, 0, 0, 0, 1, 0, 1, 0, 6, 4, 6], [0, 1, 0, 0, 0, 1, 0, 0, 0, 8, 4, 18], [0, 1, 0, 0, 0, 1, 0, 0, 1, 7, 3, 2], [0, 1, 0, 0, 0, 1, 0, 0, 1, 5, 4, 6], [1, 1, 0, 0, 0, 1, 0, 0, 1, 8, 2, 6], [1, 1, 0, 0, 0, 1, 0, 0, 1, 6, 3, 18], [0, 1, 0, 0, 0, 1, 0, 1, 0, 9, 1, 18]]"
0.17475998713463614,"[[0.0, 0.0], [0.1738745381433266, 0.0], [0.0, 0.0], [0.0, 0.0], [0.0, 0.7957904899135471], [0.8518093814328141, 0.0], [0.0, 0.0], [0.0, 0.0], [0.0, 0.0], [0.0, 0.0]]","[[1652564.2, 25.401845], [1656304.6, 25.397941], [1652155.8, 25.427185], [689990.2, 25.803772], [466420.0, 97.469085], [1657137.2, 25.397579], [689944.4, 25.850581], [200079.8, 94.361112], [1652114.8, 25.425737], [270551.6, 69.884607]]","[[0, 1, 0, 0, 0, 1, 0, 1, 0, 9, 4, 6], [1, 1, 0, 0, 0, 1, 0, 0, 0, 9, 4, 6], [0, 1, 0, 0, 0, 1, 0, 0, 1, 9, 4, 6], [1, 1, 0, 0, 0, 1, 0, 0, 1, 7, 2, 2], [1, 1, 0, 0, 0, 1, 0, 0, 0, 9, 4, 18], [1, 1, 0, 0, 0, 1, 0, 0, 0, 8, 4, 6], [1, 1, 0, 0, 0, 1, 0, 0, 0, 7, 3, 2], [0, 1, 0, 0, 0, 1, 0, 0, 1, 6, 3, 18], [0, 1, 0, 0, 0, 1, 0, 0, 0, 9, 4, 6], [1, 1, 0, 0, 0, 1, 0, 1, 0, 7, 2, 18]]"
0.10225228560199678,"[[0.0, 0.0], [0.0, 0.8139463976945268], [0.014550922329666205, 0.0], [0.0, 0.0], [0.0, 0.0], [0.10857645832544088, 0.0], [0.0, 0.0], [0.0, 0.0], [0.0, 0.0], [0.0, 0.0]]","[[650888.8, 69.702591], [193506.4, 97.532086], [1653493.4, 25.426993], [199889.2, 94.201525], [265473.4, 70.194503], [1655927.4, 25.319609], [695438.0, 25.782029], [1651448.2, 25.436668], [269520.0, 70.018698], [684838.4, 25.815535]]","[[0, 1, 0, 0, 0, 1, 0, 0, 0, 8, 2, 18], [0, 1, 0, 0, 0, 1, 0, 1, 0, 5, 4, 18], [0, 1, 0, 0, 0, 1, 0, 0, 0, 8, 4, 6], [1, 1, 0, 0, 0, 1, 0, 1, 0, 6, 3, 18], [0, 1, 0, 0, 0, 1, 0, 1, 1, 4, 2, 18], [1, 1, 0, 0, 0, 1, 0, 1, 0, 9, 1, 18], [0, 1, 0, 0, 0, 1, 0, 0, 0, 7, 4, 6], [0, 1, 0, 0, 0, 1, 0, 0, 1, 8, 1, 6], [1, 1, 0, 0, 0, 1, 0, 0, 0, 7, 2, 18], [0, 1, 0, 0, 0, 1, 0, 0, 0, 6, 2, 2]]"
0.09349812618476959,"[[0.0, 0.7957904899135471], [0.0, 0.0], [0.0, 0.0], [0.0, 0.0], [0.03919077193414883, 0.0], [0.0, 0.0], [0.0, 0.0], [0.0, 0.0], [0.0, 0.0], [0.0, 0.0]]","[[466420.0, 97.469085], [1652114.8, 25.425737], [685274.8, 25.968257], [1612798.4, 25.477394], [1654335.8, 25.401185], [696632.0, 25.701612], [707099.8, 25.557865], [690138.0, 25.862935], [694963.4, 25.724443], [697720.2, 25.654889]]","[[1, 1, 0, 0, 0, 1, 0, 0, 0, 9, 4, 18], [0, 1, 0, 0, 0, 1, 0, 0, 0, 9, 4, 6], [0, 1, 0, 0, 0, 1, 0, 0, 0, 7, 2, 2], [1, 1, 0, 0, 0, 1, 0, 0, 0, 9, 3, 2], [0, 1, 0, 0, 0, 1, 0, 1, 1, 8, 2, 6], [1, 1, 0, 0, 0, 1, 0, 1, 1, 7, 4, 6], [0, 1, 0, 0, 0, 1, 0, 0, 0, 5, 1, 18], [1, 1, 0, 0, 0, 1, 0, 0, 1, 7, 3, 2], [0, 1, 0, 0, 0, 1, 0, 1, 1, 7, 4, 6], [1, 1, 0, 0, 0, 1, 0, 0, 1, 6, 4, 6]]"
0.18691375703129984,"[[0.0, 0.0], [0.9282712473113678, 0.0], [0.0, 0.8408663230016304], [0.0, 0.0], [0.0, 0.0], [0.0, 0.0], [0.0, 0.0], [0.0, 0.0], [0.0, 0.0], [0.006178391241989391, 0.0]]","[[484620.2, 94.333579], [1658348.8, 25.402462], [193135.6, 97.612404], [694491.0, 25.782789], [1612469.6, 25.47045], [713928.4, 25.689287], [1651448.2, 25.436668], [695173.6, 25.780174], [698678.2, 25.703391], [1653181.4, 25.428928]]","[[0, 1, 0, 0, 0, 1, 0, 1, 1, 8, 3, 18], [0, 1, 0, 0, 0, 1, 0, 1, 1, 8, 1, 6], [0, 1, 0, 0, 0, 1, 0, 1, 1, 6, 4, 18], [0, 1, 0, 0, 0, 1, 0, 0, 1, 7, 3, 6], [1, 1, 0, 0, 0, 1, 0, 0, 0, 8, 1, 2], [1, 1, 0, 0, 0, 1, 0, 1, 1, 7, 3, 6], [0, 1, 0, 0, 0, 1, 0, 0, 1, 8, 1, 6], [0, 1, 0, 0, 0, 1, 0, 0, 0, 7, 3, 6], [1, 1, 0, 0, 0, 1, 0, 0, 1, 7, 3, 6], [0, 1, 0, 0, 0, 1, 0, 0, 0, 8, 1, 6]]"
0.17846341349273068,"[[0.0, 0.7909587896253614], [0.03193465835081181, 0.0], [0.0, 0.0], [0.0, 0.0], [0.0, 0.0], [0.0, 0.0], [0.8936753453019453, 0.0], [0.0, 0.0], [0.0, 0.0], [0.0, 0.6194564841498575]]","[[192813.2, 97.452319], [1654141.2, 25.431587], [200281.4, 94.436052], [288383.8, 27.108939], [1607715.6, 25.522949], [694771.2, 25.722026], [1657800.6, 25.398637], [292305.6, 26.571448], [713928.4, 25.689287], [194050.0, 96.857206]]","[[0, 1, 0, 0, 0, 1, 0, 0, 0, 4, 4, 18], [0, 1, 0, 0, 0, 1, 0, 0, 0, 8, 2, 6], [0, 1, 0, 0, 0, 1, 0, 1, 0, 6, 3, 18], [0, 1, 0, 0, 0, 0, 1, 0, 1, 7, 2, 2], [0, 1, 0, 0, 0, 1, 0, 0, 0, 9, 3, 2], [0, 1, 0, 0, 0, 1, 0, 1, 1, 7, 3, 6], [1, 1, 0, 0, 0, 1, 0, 0, 0, 8, 3, 6], [1, 1, 0, 0, 0, 0, 1, 0, 1, 7, 3, 6], [1, 1, 0, 0, 0, 1, 0, 1, 1, 7, 3, 6], [1, 1, 0, 0, 0, 1, 0, 0, 0, 4, 4, 18]]"
0.1864617354177251,"[[0.0, 0.0], [0.0, 0.8882588923327868], [0.006178391241989391, 0.0], [0.0, 0.0], [0.0, 0.0], [0.8763584618444641, 0.0], [0.0, 0.5091305475504307], [0.0, 0.0], [0.0, 0.0], [0.0, 0.0]]","[[649164.6, 69.657943], [192349.0, 97.733959], [1653181.4, 25.428928], [202210.4, 93.693136], [1607828.4, 25.529737], [1657526.2, 25.393675], [196362.0, 96.474375], [684660.0, 25.822349], [693455.8, 25.712795], [200729.8, 94.033397]]","[[0, 1, 0, 0, 0, 1, 0, 0, 1, 8, 2, 18], [0, 1, 0, 0, 0, 1, 0, 0, 1, 6, 4, 18], [0, 1, 0, 0, 0, 1, 0, 0, 0, 8, 1, 6], [1, 1, 0, 0, 0, 1, 0, 0, 0, 7, 3, 18], [0, 1, 0, 0, 0, 1, 0, 0, 0, 8, 4, 2], [1, 1, 0, 0, 0, 1, 0, 0, 1, 8, 2, 6], [1, 1, 0, 0, 0, 1, 0, 1, 0, 7, 4, 18], [0, 1, 0, 0, 0, 1, 0, 0, 0, 6, 4, 2], [0, 1, 0, 0, 0, 1, 0, 0, 1, 5, 2, 6], [0, 1, 0, 0, 0, 1, 0, 0, 0, 7, 3, 18]]"
0.18314493676861698,"[[0.0, 0.0], [0.0, 0.0], [0.0, 0.0], [0.0, 0.8408663230016304], [0.0, 0.0], [0.8905830446845395, 0.0], [0.0, 0.0], [0.0, 0.0], [0.0, 0.7491492795389032], [0.0, 0.0]]","[[485173.2, 94.388674], [1652872.8, 25.431214], [649184.8, 69.608422], [193135.6, 97.612404], [1607614.8, 25.512591], [1657751.6, 25.337672], [685274.8, 25.968257], [699155.2, 25.699026], [193713.2, 97.30724], [709658.4, 25.554949]]","[[0, 1, 0, 0, 0, 1, 0, 1, 1, 9, 3, 18], [0, 1, 0, 0, 0, 1, 0, 0, 1, 8, 4, 6], [0, 1, 0, 0, 0, 1, 0, 0, 1, 9, 2, 18], [0, 1, 0, 0, 0, 1, 0, 1, 1, 6, 4, 18], [0, 1, 0, 0, 0, 1, 0, 0, 1, 8, 1, 2], [0, 1, 0, 0, 0, 1, 0, 1, 1, 8, 1, 18], [0, 1, 0, 0, 0, 1, 0, 0, 0, 7, 2, 2], [1, 1, 0, 0, 0, 1, 0, 0, 0, 7, 3, 6], [1, 1, 0, 0, 0, 1, 0, 0, 0, 5, 4, 18], [0, 1, 0, 0, 0, 1, 0, 0, 1, 7, 1, 18]]"
0.17081445399342574,"[[0.0, 0.7563351585014432], [0.014550922329666205, 0.0], [0.0, 0.0], [0.0, 0.0], [0.0, 0.0], [0.0, 0.0], [0.8518093814328141, 0.0], [0.0, 0.0], [0.0, 0.6781097982708933], [0.0, 0.0]]","[[194167.2, 97.332175], [1653493.4, 25.426993], [266416.8, 70.180565], [684662.8, 25.966417], [201045.4, 94.054405], [1608304.8, 25.512464], [1657137.2, 25.397579], [288383.8, 27.108939], [195171.8, 97.060733], [697421.4, 25.68239]]","[[1, 1, 0, 0, 0, 1, 0, 1, 1, 5, 4, 18], [0, 1, 0, 0, 0, 1, 0, 0, 0, 8, 4, 6], [0, 1, 0, 0, 0, 1, 0, 1, 1, 7, 2, 18], [0, 1, 0, 0, 0, 1, 0, 0, 1, 7, 2, 2], [0, 1, 0, 0, 0, 1, 0, 0, 1, 7, 3, 18], [0, 1, 0, 0, 0, 1, 0, 0, 0, 8, 2, 2], [1, 1, 0, 0, 0, 1, 0, 0, 0, 8, 4, 6], [0, 1, 0, 0, 0, 0, 1, 0, 1, 7, 2, 2], [1, 1, 0, 0, 0, 1, 0, 0, 1, 6, 4, 18], [1, 1, 0, 0, 0, 1, 0, 1, 0, 7, 3, 6]]"
